<?xml version="1.0" encoding="UTF-8" standalone="yes"?>
<contentHaul xmlns:a="http://www.appian.com/ae/types/2009">
    <versionUuid>_a-0000e47b-69b7-8000-9ba4-011c48011c48_44722</versionUuid>
    <rule>
        <name>KK_UA_Test</name>
        <uuid>_a-0000e47b-69b7-8000-9ba4-011c48011c48_36358</uuid>
        <description>testing</description>
        <parentUuid>_a-0000e47b-69b7-8000-9ba4-011c48011c48_15821</parentUuid>
        <visibility>
            <advertise>false</advertise>
            <hierarchy>true</hierarchy>
            <indexable>true</indexable>
            <quota>false</quota>
            <searchable>true</searchable>
            <system>false</system>
            <unlogged>false</unlogged>
        </visibility>
        <definition>/*
(Assigned to User OR (NOT Assigned to "Global Users" AND (priority="Urgent" OR priority="High")))
*/
/*
a!queryLogicalExpression(
  operator: "AND",
  logicalExpressions: {
    a!queryLogicalExpression(
      operator: "AND",
      filters: a!queryFilter(
        field: "email", 
        operator: "=", 
        value: user(loggedInUser(),"email"))
    ),
      a!queryLogicalExpression(
          operator: "OR",
          filters: {
            a!queryFilter(field: "region", operator: "=", value: "South"),
            a!queryFilter(field: "region", operator: "=", value: "West")
          }
        )
      
    
  }
)*/
/*if(isusermemberofgroup(user(loggedInUser(),"email"),cons!KK_UA_STUDENT_USER),*/
if((user(loggedInUser(),"email") = #"_a-0000e47b-69b7-8000-9ba4-011c48011c48_35559"),
#"SYSTEM_SYSRULES_queryLogicalExpression"(
  operator: "OR",
  filters: {
    #"SYSTEM_SYSRULES_queryFilter"(field: "region", operator: "=", value: "South"),
    #"SYSTEM_SYSRULES_queryFilter"(field: "region", operator: "=", value: "West")
  }
),{}
)</definition>
        <preferredEditor>legacy</preferredEditor>
        <offlineEnabled>false</offlineEnabled>
    </rule>
    <roleMap public="true">
        <role inherit="true" allowForAll="false" name="readers">
            <users/>
            <groups/>
        </role>
        <role inherit="true" allowForAll="false" name="authors">
            <users/>
            <groups/>
        </role>
        <role inherit="true" allowForAll="false" name="administrators">
            <users/>
            <groups/>
        </role>
        <role inherit="false" allowForAll="false" name="denyReaders">
            <users/>
            <groups/>
        </role>
        <role inherit="false" allowForAll="false" name="denyAuthors">
            <users/>
            <groups/>
        </role>
        <role inherit="false" allowForAll="false" name="denyAdministrators">
            <users/>
            <groups/>
        </role>
    </roleMap>
    <history>
        <historyInfo versionUuid="_a-0000e47b-69b7-8000-9ba4-011c48011c48_44722"/>
    </history>
</contentHaul>
