<?xml version="1.0" encoding="UTF-8" standalone="yes"?>
<contentHaul xmlns:a="http://www.appian.com/ae/types/2009">
    <versionUuid>_a-0000e47b-69b7-8000-9ba4-011c48011c48_16307</versionUuid>
    <constant>
        <name>KK_UA_MAJORS</name>
        <uuid>_a-0000e47b-69b7-8000-9ba4-011c48011c48_16303</uuid>
        <description>Constant for storing list of majors.</description>
        <parentUuid>_a-0000e47b-69b7-8000-9ba4-011c48011c48_15921</parentUuid>
        <visibility>
            <advertise>false</advertise>
            <hierarchy>true</hierarchy>
            <indexable>true</indexable>
            <quota>false</quota>
            <searchable>true</searchable>
            <system>false</system>
            <unlogged>false</unlogged>
        </visibility>
        <typedValue>
            <type>
                <name>Text?list</name>
                <namespace>http://www.appian.com/ae/types/2009</namespace>
            </type>
            <value>
                <el>Accounting</el>
                <el>Actuarial Science</el>
                <el>Advertising</el>
                <el>Agriculture</el>
                <el>Agricultural and Biological Engineering</el>
                <el>Agricultural Business Management</el>
                <el>Agriculture Economics</el>
                <el>Animal Bioscience</el>
                <el>Animal Sciences</el>
                <el>Anthropology</el>
                <el>Applied Mathematics</el>
                <el>Archaeology</el>
                <el>Architectural Engineering</el>
                <el>Architecture</el>
                <el>Art History</el>
                <el>Studio Art</el>
                <el>Art Education</el>
                <el>Biobehavioral Health</el>
                <el>Biochemistry</el>
                <el>Bioengineering</el>
                <el>Biology</el>
                <el>Biophysics</el>
                <el>Biotechnology</el>
                <el>Business Administration and Management</el>
                <el>Business Logistics</el>
                <el>Chemical Engineering</el>
                <el>Chemistry</el>
                <el>Children</el>
                <el>Civil Engineering</el>
                <el>Computer Engineering</el>
                <el>Computer Science</el>
                <el>Crime, Law and Justice</el>
                <el>Dance</el>
                <el>Earth Sciences</el>
                <el>Economics</el>
                <el>Education</el>
                <el>Electrical Engineering</el>
                <el>Elementary and Kindergarten Education</el>
                <el>Engineering Science</el>
                <el>English</el>
                <el>Environmental Systems Engineering</el>
                <el>Environmental Sciences</el>
                <el>Environmental Resource Management</el>
                <el>Film and Video</el>
                <el>Finance</el>
                <el>Food Science</el>
                <el>Forest Science</el>
                <el>Forest Technology</el>
                <el>General Science</el>
                <el>Geography</el>
                <el>Geosciences</el>
                <el>Graphic Design and Photography</el>
                <el>Health and Physical Education</el>
                <el>Health Policy and Administration</el>
                <el>History</el>
                <el>Horticulture</el>
                <el>Hotel, Restaurant and Institutional Management</el>
                <el>Human Development and Family Studies</el>
                <el>Individual and Family Studies</el>
                <el>Industrial Engineering</el>
                <el>Information Sciences and Technology</el>
                <el>Journalism</el>
                <el>Kinesiology</el>
                <el>Landscape Architecture</el>
                <el>Law Enforcement and Correction</el>
                <el>Marine Biology </el>
                <el>Marketing</el>
                <el>Mathematics</el>
                <el>Mechanical Engineering</el>
                <el>Media Studies</el>
                <el>Meterology</el>
                <el>Microbiology</el>
                <el>Mineral Economics</el>
                <el>Modern Languages</el>
                <el>Music Education</el>
                <el>Nuclear Engineering</el>
                <el>Nursing</el>
                <el>Nutrition</el>
                <el>Philosophy</el>
                <el>Physics</el>
                <el>Physiology</el>
                <el>Political Science</el>
                <el>Pre-medicine</el>
                <el>Psychology</el>
                <el>Public Relations</el>
                <el>Real Estate</el>
                <el>Recreation and Parks</el>
                <el>Rehabilitation Services</el>
                <el>Religious Studies</el>
                <el>Secondary Education</el>
                <el>Sociology</el>
                <el>Social Work</el>
                <el>Special Education</el>
                <el>Speech Communication</el>
                <el>Speech Pathology</el>
                <el>Statistics</el>
                <el>Telecommunications</el>
                <el>Theater</el>
                <el>Wildlife and Fishery Science</el>
                <el>Wildlife Technology</el>
                <el>Women's Studies</el>
            </value>
        </typedValue>
        <isEnvironmentSpecific>false</isEnvironmentSpecific>
    </constant>
    <roleMap public="true">
        <role inherit="true" allowForAll="false" name="readers">
            <users/>
            <groups/>
        </role>
        <role inherit="true" allowForAll="false" name="authors">
            <users/>
            <groups/>
        </role>
        <role inherit="true" allowForAll="false" name="administrators">
            <users/>
            <groups/>
        </role>
        <role inherit="false" allowForAll="false" name="denyReaders">
            <users/>
            <groups/>
        </role>
        <role inherit="false" allowForAll="false" name="denyAuthors">
            <users/>
            <groups/>
        </role>
        <role inherit="false" allowForAll="false" name="denyAdministrators">
            <users/>
            <groups/>
        </role>
    </roleMap>
    <history>
        <historyInfo versionUuid="_a-0000e47b-69b7-8000-9ba4-011c48011c48_16307"/>
    </history>
</contentHaul>
