<?xml version="1.0" encoding="UTF-8" standalone="yes"?>
<contentHaul xmlns:a="http://www.appian.com/ae/types/2009">
    <versionUuid>_a-0000e47b-69b7-8000-9ba4-011c48011c48_48461</versionUuid>
    <rule>
        <name>KK_UA_StudentApplication</name>
        <uuid>_a-0000e47b-69b7-8000-9ba4-011c48011c48_16534</uuid>
        <description>To start a new application or complete the saved one</description>
        <parentUuid>_a-0000e47b-69b7-8000-9ba4-011c48011c48_15950</parentUuid>
        <visibility>
            <advertise>false</advertise>
            <hierarchy>true</hierarchy>
            <indexable>true</indexable>
            <quota>false</quota>
            <searchable>true</searchable>
            <system>false</system>
            <unlogged>false</unlogged>
        </visibility>
        <definition>#"SYSTEM_SYSRULES_formLayout_v1"(
  label: "Student Application",
  contents: {
    #"SYSTEM_SYSRULES_sectionLayout_v1"(
      label:"Identification Information",
      contents: {
        #"SYSTEM_SYSRULES_columnsLayout"(
          columns: {
            #"SYSTEM_SYSRULES_columnLayout"(
              contents: {
                #"SYSTEM_SYSRULES_textField"(
                  label: "First Name",
                  labelPosition: "ADJACENT",
                  value: ri!student.firstName,
                  saveInto: ri!student.firstName,
                  refreshAfter: "UNFOCUS",
                  required: true,
                  validations: {}
                ),
                #"SYSTEM_SYSRULES_dateField"(
                  label: "Date of Birth",
                  labelPosition: "ADJACENT",
                  value: ri!student.dateOfBirth,
                  saveInto: ri!student.dateOfBirth,
                  required: true,
                  validations: {}
                )
              }
            ),
            #"SYSTEM_SYSRULES_columnLayout"(
              contents: {
                #"SYSTEM_SYSRULES_textField"(
                  label: "Middle Name",
                  labelPosition: "ADJACENT",
                  value: ri!student.middleName,
                  saveInto: ri!student.middleName,
                  refreshAfter: "UNFOCUS",
                  validations: {}
                ),
                #"SYSTEM_SYSRULES_textField"(
                  label: "Email Address",
                  labelPosition: "ADJACENT",
                  value: ri!student.email,
                  saveInto: ri!student.email,
                  refreshAfter: "UNFOCUS",
                  required: true,
                  validations: {}
                )
              }
            ),
            #"SYSTEM_SYSRULES_columnLayout"(
              contents: {
                #"SYSTEM_SYSRULES_textField"(
                  label: "Last Name",
                  labelPosition: "ADJACENT",
                  value: ri!student.lastName,
                  saveInto: ri!student.lastName,
                  refreshAfter: "UNFOCUS",
                  required: true,
                  validations: {}
                ),
                #"SYSTEM_SYSRULES_dropdownField"(
                  label: "Suffix",
                  labelPosition: "ADJACENT",
                  placeholderLabel: "--- Select Suffix ---",
                  choiceLabels: #"_a-0000e47b-69b7-8000-9ba4-011c48011c48_16910",
                  choiceValues: #"_a-0000e47b-69b7-8000-9ba4-011c48011c48_16910",
                  value: ri!student.suffix,
                  saveInto: ri!student.suffix,
                  validations: {}
                )
              }
            )
          }
        )
      },
      iscollapsible: true
    ),
    #"SYSTEM_SYSRULES_sectionLayout_v1"(
      label: "Permanent Home Address",
      contents: {
        #"SYSTEM_SYSRULES_columnsLayout"(
          columns: {
            #"SYSTEM_SYSRULES_columnLayout"(
              contents: {
                #"SYSTEM_SYSRULES_textField"(
                  label: "Street Address",
                  labelPosition: "ADJACENT",
                  value: ri!student.streetAddress,
                  saveInto: ri!student.streetAddress,
                  refreshAfter: "UNFOCUS",
                  required: true,
                  validations: {}
                ),
                #"SYSTEM_SYSRULES_textField"(
                  label: "City/Town",
                  labelPosition: "ADJACENT",
                  value: ri!student.city,
                  saveInto: ri!student.city,
                  refreshAfter: "UNFOCUS",
                  required: true,
                  validations: {}
                ),
                #"SYSTEM_SYSRULES_dropdownField"(
                  label: "State/Province",
                  labelPosition: "ADJACENT",
                  placeholderLabel: "--- Select a State ---",
                  choiceLabels: #"_a-0000e47b-69b7-8000-9ba4-011c48011c48_17176",
                  choiceValues: #"_a-0000e47b-69b7-8000-9ba4-011c48011c48_17176",
                  value: ri!student.state,
                  saveInto: ri!student.state,
                  required: true,
                  validations: {}
                ),
                #"SYSTEM_SYSRULES_integerField"(
                  label: "Zip/Postal Code",
                  labelPosition: "ADJACENT",
                  value: ri!student.zipCode,
                  saveInto: ri!student.zipCode,
                  refreshAfter: "UNFOCUS",
                  required: true,
                  validations: if(len(ri!student.zipCode)&gt;5,
                  "Value must not exceed 5 digits",
                  null
                  )
                )
              }
            ),
            #"SYSTEM_SYSRULES_columnLayout"(
              contents: {
                #"SYSTEM_SYSRULES_textField"(
                  label: "Mobile Phone Number",
                  labelPosition: "ADJACENT",
                  placeholder: "000-000-0000",
                  value: ri!student.phoneNumber,
                  saveInto: ri!student.phoneNumber,
                  refreshAfter: "UNFOCUS",
                  required: true,
                  validations: {}
                )
              }
            )
          }
        )
      },
      iscollapsible: true
    ),
    #"SYSTEM_SYSRULES_sectionLayout_v1"(
      label: "Emergency Contact Information",
      contents: {
        #"SYSTEM_SYSRULES_columnsLayout"(
          columns: {
            #"SYSTEM_SYSRULES_columnLayout"(
              contents: {
                #"SYSTEM_SYSRULES_textField"(
                  label: "First Name",
                  labelPosition: "ADJACENT",
                  value: ri!student.emergencyContactFirstName,
                  saveInto: ri!student.emergencyContactFirstName,
                  refreshAfter: "UNFOCUS",
                  required: false,
                  validations: {}
                ),
                #"SYSTEM_SYSRULES_textField"(
                  label: "Mobile Phone Number",
                  labelPosition: "ADJACENT",
                  value: ri!student.emergencyContactPhoneNumber,
                  saveInto: ri!student.emergencyContactPhoneNumber,
                  refreshAfter: "UNFOCUS",
                  required: false,
                  validations: {}
                ),
                #"SYSTEM_SYSRULES_dropdownField"(
                  label: "Relationship to Applicant",
                  labelPosition: "ADJACENT",
                  helptooltip: "How are they related to you? ",
                  placeholderLabel: "--- Select Relationship ---",
                  choiceLabels: #"_a-0000e47b-69b7-8000-9ba4-011c48011c48_17557",
                  choiceValues: #"_a-0000e47b-69b7-8000-9ba4-011c48011c48_17557",
                  value: ri!student.emergencyContactRelationship,
                  saveInto: ri!student.emergencyContactRelationship,
                  required: false,
                  validations: {}
                )
              }
            ),
            #"SYSTEM_SYSRULES_columnLayout"(
              contents: {
                #"SYSTEM_SYSRULES_textField"(
                  label: "Middle Name",
                  labelPosition: "ADJACENT",
                  value: ri!student.emergencyContactMiddleName,
                  saveInto: ri!student.emergencyContactMiddleName,
                  refreshAfter: "UNFOCUS",
                  validations: {}
                ),
                #"SYSTEM_SYSRULES_textField"(
                  label: "Email Address",
                  labelPosition: "ADJACENT",
                  value: ri!student.emergencyContactEmail,
                  saveInto: ri!student.emergencyContactEmail,
                  refreshAfter: "UNFOCUS",
                  validations: {}
                )
              }
            ),
            #"SYSTEM_SYSRULES_columnLayout"(
              contents: {
                #"SYSTEM_SYSRULES_textField"(
                  label: "Last Name",
                  labelPosition: "ADJACENT",
                  value: ri!student.emergencyContactLastName,
                  saveInto: ri!student.emergencyContactLastName,
                  refreshAfter: "UNFOCUS",
                  required: false,
                  validations: {}
                ),
                #"SYSTEM_SYSRULES_dropdownField"(
                  label: "Suffix",
                  labelPosition: "ADJACENT",
                  placeholderLabel: "--- Select Suffix ---",
                  choiceLabels: #"_a-0000e47b-69b7-8000-9ba4-011c48011c48_16910",
                  choiceValues: #"_a-0000e47b-69b7-8000-9ba4-011c48011c48_16910",
                  value: ri!student.emergencyContactSuffix,
                  saveInto: ri!student.emergencyContactSuffix,
                  validations: {}
                )
              }
            )
          }
        )
      },
      iscollapsible: true,
      isinitiallycollapsed: true
    ),
    #"SYSTEM_SYSRULES_sectionLayout_v1"(
      label: "Demographic Information",
      contents: {
        #"SYSTEM_SYSRULES_columnsLayout"(
          columns: {
            #"SYSTEM_SYSRULES_columnLayout"(
              contents: {
                #"SYSTEM_SYSRULES_radioButtonField"(
                  label: "Gender",
                  labelPosition: "ABOVE",
                  choiceLabels: #"_a-0000e47b-69b7-8000-9ba4-011c48011c48_16585",
                  choiceValues: #"_a-0000e47b-69b7-8000-9ba4-011c48011c48_16585",
                  value: ri!student.gender,
                  saveInto: ri!student.gender,
                  required: true,
                  choiceLayout: "STACKED",
                  validations: {}
                ),
                #"SYSTEM_SYSRULES_radioButtonField"(
                  label: "Is English your Primary Language?",
                  labelPosition: "ABOVE",
                  choiceLabels: {"Yes", "No"},
                  choiceValues: {true, false},
                  value: ri!student.primaryLanguage,
                  saveInto: ri!student.primaryLanguage,
                  required: true,
                  choiceLayout: "STACKED",
                  validations: {}
                ),
                #"SYSTEM_SYSRULES_radioButtonField"(
                  label: "Do you have a disability",
                  labelPosition: "ABOVE",
                  choiceLabels: {"Yes", "No"},
                  choiceValues: {true, false},
                  value: ri!student.disability,
                  saveInto: ri!student.disability,
                  choiceLayout: "STACKED",
                  validations: {}
                )
              }
            ),
            #"SYSTEM_SYSRULES_columnLayout"(
              contents: {
                #"SYSTEM_SYSRULES_radioButtonField"(
                  label: "Ethnicity",
                  labelPosition: "ABOVE",
                  choiceLabels: {"Hispanic/Latino", "Not Hispanic/Latino"},
                  choiceValues: {true, false},
                  value: ri!student.ethnicity,
                  saveInto: ri!student.ethnicity,
                  choiceLayout: "STACKED",
                  validations: {}
                ),
                #"SYSTEM_SYSRULES_radioButtonField"(
                  label: "Are you a Legacy Student?",
                  labelPosition: "ABOVE",
                  helptooltip: "Are you related to someone who has attended ACME University previously?",
                  choiceLabels: {"Yes", "No"},
                  choiceValues: {true, false},
                  value: ri!student.legacyStatus,
                  saveInto: ri!student.legacyStatus,
                  required: true,
                  choiceLayout: "STACKED",
                  validations: {}
                ),
                #"SYSTEM_SYSRULES_dropdownField"(
                  label: "If yes, what is your relation?",
                  labelPosition: "ABOVE",
                  placeholderLabel: "--- Select Relationship ---",
                  choiceLabels: #"_a-0000e47b-69b7-8000-9ba4-011c48011c48_17557",
                  choiceValues: #"_a-0000e47b-69b7-8000-9ba4-011c48011c48_17557",
                  value: ri!student.legacyRelation,
                  saveInto: ri!student.legacyRelation,
                  showwhen: ri!student.legacyStatus=true,
                  validations: {}
                ),
                #"SYSTEM_SYSRULES_radioButtonField"(
                  label: "Is this your first time applying to ACME University?",
                  labelPosition: "ABOVE",
                  choiceLabels: {"Yes", "No"},
                  choiceValues: {true, false},
                  value: ri!student.previouslyApplied,
                  saveInto: ri!student.previouslyApplied,
                  choiceLayout: "STACKED",
                  validations: {}
                )
              }
            ),
            #"SYSTEM_SYSRULES_columnLayout"(
              contents: {
                #"SYSTEM_SYSRULES_radioButtonField"(
                  label: "Race",
                  labelPosition: "ABOVE",
                  choiceLabels: #"_a-0000e47b-69b7-8000-9ba4-011c48011c48_16288",
                  choiceValues: #"_a-0000e47b-69b7-8000-9ba4-011c48011c48_16288",
                  value: ri!student.race,
                  saveInto: ri!student.race,
                  choiceLayout: "STACKED",
                  validations: {}
                )
              }
            )
          }
        )
      },
      iscollapsible: true
    ),
    #"SYSTEM_SYSRULES_sectionLayout_v1"(
      label: "Citizenship",
      contents: {
        #"SYSTEM_SYSRULES_columnsLayout"(
          columns: {
            #"SYSTEM_SYSRULES_columnLayout"(
              contents: {
                #"SYSTEM_SYSRULES_radioButtonField"(
                  label: "Are you a U.S. Citizen",
                  labelPosition: "ABOVE",
                  choiceLabels: {"Yes","No"},
                  choiceValues: {true(), false()},
                  value: ri!student.citizenshipInfo,
                  saveInto: ri!student.citizenshipInfo,
                  required: true,
                  choiceLayout: "STACKED",
                  validations: {}
                ),
                #"SYSTEM_SYSRULES_textField"(
                  label: "Social Security Number",
                  labelPosition: "ADJACENT",
                  placeholder: "000-00-0000",
                  value: ri!student.socialSecurityNumber,
                  saveInto: ri!student.socialSecurityNumber,
                  refreshAfter: "UNFOCUS",
                  showwhen: ri!student.citizenshipInfo=true,
                  required: true,
                  validations: {}
                )
              }
            ),
            #"SYSTEM_SYSRULES_columnLayout"(
              contents: {
                #"SYSTEM_SYSRULES_textField"(
                  label: "Country of Birth",
                  labelPosition: "ADJACENT",
                  saveInto: {},
                  refreshAfter: "UNFOCUS",
                  showwhen: if(ri!student.citizenshipInfo=false,true,false),
                  validations: {}
                ),
                #"SYSTEM_SYSRULES_textField"(
                  label: "City/Town",
                  labelPosition: "ADJACENT",
                  saveInto: {},
                  refreshAfter: "UNFOCUS",
                  showwhen: if(ri!student.citizenshipInfo=false,true,false),
                  validations: {}
                ),
                #"SYSTEM_SYSRULES_textField"(
                  label: "Residency Type",
                  labelPosition: "ADJACENT",
                  saveInto: {},
                  refreshAfter: "UNFOCUS",
                  showwhen: if(ri!student.citizenshipInfo=false,true,false),
                  validations: {}
                )
              }
            )
          }
        )
      },
      iscollapsible: true
    ),
    #"SYSTEM_SYSRULES_sectionLayout_v1"(
      label: "Academic Interest",
      contents: {
        #"SYSTEM_SYSRULES_columnsLayout"(
          columns: {
            #"SYSTEM_SYSRULES_columnLayout"(
              contents: {
                #"SYSTEM_SYSRULES_textField"(
                  label: "Name of High School",
                  labelPosition: "ADJACENT",
                  helptooltip: "The name of the high school you have attended.",
                  value: ri!student.highSchool,
                  saveInto: ri!student.highSchool,
                  refreshAfter: "UNFOCUS",
                  required: true,
                  validations: {}
                ),
                #"SYSTEM_SYSRULES_floatingPointField"(
                  label: "High School GPA",
                  labelPosition: "ADJACENT",
                  value: ri!student.gpa,
                  saveInto: ri!student.gpa,
                  refreshAfter: "UNFOCUS",
                  required: true,
                  validations: {}
                ),
                #"SYSTEM_SYSRULES_integerField"(
                  label: "SAT Score",
                  labelPosition: "ADJACENT",
                  value: ri!student.satScore,
                  saveInto: ri!student.satScore,
                  refreshAfter: "UNFOCUS",
                  required: true,
                  validations: {}
                )
              }
            ),
            #"SYSTEM_SYSRULES_columnLayout"(
              contents: {
                #"SYSTEM_SYSRULES_dropdownField"(
                  label: "Major/Field of Interest",
                  labelPosition: "ADJACENT",
                  placeholderLabel: "--- Select a Major ---",
                  choiceLabels: #"_a-0000e47b-69b7-8000-9ba4-011c48011c48_16303",
                  choiceValues: #"_a-0000e47b-69b7-8000-9ba4-011c48011c48_16303",
                  value: ri!student.major,
                  saveInto: ri!student.major,
                  required: true,
                  validations: {}
                ),
                #"SYSTEM_SYSRULES_radioButtonField"(
                  label: "Select your desired starting term",
                  labelPosition: "ADJACENT",
                  choiceLabels: #"_a-0000e47b-69b7-8000-9ba4-011c48011c48_16309",
                  choiceValues: #"_a-0000e47b-69b7-8000-9ba4-011c48011c48_16309",
                  value: ri!student.term,
                  saveInto: ri!student.term,
                  required: true,
                  choiceLayout: "STACKED",
                  validations: {}
                )
              }
            )
          }
        )
      },
      iscollapsible: true
    ),
    #"SYSTEM_SYSRULES_sectionLayout_v1"(
      label: "Supplemental Information",
      contents: {
        #"SYSTEM_SYSRULES_columnsLayout"(
          columns: {
            #"SYSTEM_SYSRULES_columnLayout"(
              contents: {
                #"SYSTEM_SYSRULES_paragraphField"(
                  label: "Describe any extracurricular activities you are/were involved in.",
                  labelPosition: "ABOVE",
                  helptooltip: "Clubs, sports, competitions, etc.",
                  value: ri!student.extracurriculars,
                  saveInto: ri!student.extracurriculars,
                  refreshAfter: "UNFOCUS",
                  height: "MEDIUM",
                  validations: if(len(ri!student.extracurriculars)&gt;500,"Must Not Exceed 500 characters",null)
                ),
                #"SYSTEM_SYSRULES_fileUploadField_v1"(
                  label: "Letters of Reccomendation",
                  labelPosition: "ABOVE",
                  target: #"_a-0000e47b-69b7-8000-9ba4-011c48011c48_21763",
                  maxselections: 3,
                  value: ri!student.lettersOfReccomendation,
                  saveInto: ri!student.lettersOfReccomendation,
                  validations: {}
                )
              }
            ),
            #"SYSTEM_SYSRULES_columnLayout"(
              contents: {
                #"SYSTEM_SYSRULES_paragraphField"(
                  label: "Describe any work experience you have.",
                  labelPosition: "ABOVE",
                  helptooltip: "Part time jobs, community service, etc.",
                  value: ri!student.workExperience,
                  saveInto: ri!student.workExperience,
                  refreshAfter: "UNFOCUS",
                  height: "MEDIUM",
                  validations: if(len(ri!student.workExperience)&gt;500,"Must Not Exceed 500 characters",null )
                ),
                #"SYSTEM_SYSRULES_paragraphField"(
                  label: "Describe any awards you have received.",
                  labelPosition: "ABOVE",
                  helptooltip: "",
                  value: ri!student.awards,
                  saveInto: ri!student.awards,
                  refreshAfter: "UNFOCUS",
                  height: "MEDIUM",
                  validations: if(len(ri!student.awards)&gt;500,"Must Not Exceed 500 characters",null)
                )
              }
            )
          }
        )
      }
    ),
    #"SYSTEM_SYSRULES_sectionLayout_v1"(
      label: "Essay Question",
      contents: {
        #"SYSTEM_SYSRULES_paragraphField"(
          label: "Reflect on a time when you questioned or challenged a belief or idea. What prompted your thinking? What was the outcome?",
          labelPosition: "ABOVE",
          value: ri!student.applicationEssay,
          saveInto: ri!student.applicationEssay,
          refreshAfter: "UNFOCUS",
          height: "TALL",
          validations: {}
        )
      }
    )
  },
  buttons: #"SYSTEM_SYSRULES_ButtonLayout"(
    primaryButtons: {
      #"SYSTEM_SYSRULES_ButtonWidget"(
        label: "Submit",
        icon: "check",
        tooltip: "Submitting Final Application, no further changes are possible",
        value: "Submitted",
        saveinto: ri!student.applicationStatus,
        submit: true,
        style: "PRIMARY"
      )
    },
    secondaryButtons: {
      #"SYSTEM_SYSRULES_ButtonWidget"(
        label: "Save",
        icon: "file",
        tooltip: "To save the application",
        value: "Started",
        saveInto: ri!student.applicationStatus,
        submit: true,
        style: "NORMAL",
        validate: false
      )
    }
  )
)</definition>
        <namedTypedValue>
            <name>student</name>
            <type>
                <name>KK_UA_Student</name>
                <namespace>urn:com:appian:types</namespace>
            </type>
        </namedTypedValue>
        <namedTypedValue>
            <name>cancel</name>
            <type>
                <name>boolean</name>
                <namespace>http://www.w3.org/2001/XMLSchema</namespace>
            </type>
        </namedTypedValue>
        <preferredEditor>interface</preferredEditor>
        <offlineEnabled>false</offlineEnabled>
    </rule>
    <roleMap public="true">
        <role inherit="true" allowForAll="false" name="readers">
            <users/>
            <groups/>
        </role>
        <role inherit="true" allowForAll="false" name="authors">
            <users/>
            <groups/>
        </role>
        <role inherit="true" allowForAll="false" name="administrators">
            <users/>
            <groups/>
        </role>
        <role inherit="false" allowForAll="false" name="denyReaders">
            <users/>
            <groups/>
        </role>
        <role inherit="false" allowForAll="false" name="denyAuthors">
            <users/>
            <groups/>
        </role>
        <role inherit="false" allowForAll="false" name="denyAdministrators">
            <users/>
            <groups/>
        </role>
    </roleMap>
    <history>
        <historyInfo versionUuid="_a-0000e47b-69b7-8000-9ba4-011c48011c48_48461"/>
    </history>
</contentHaul>
