<?xml version="1.0" encoding="UTF-8" standalone="yes"?>
<contentHaul xmlns:a="http://www.appian.com/ae/types/2009">
    <versionUuid>_a-0000e47b-69b7-8000-9ba4-011c48011c48_36937</versionUuid>
    <rule>
        <name>KK_UA_UserName</name>
        <uuid>_a-0000e47b-69b7-8000-9ba4-011c48011c48_16695</uuid>
        <description>Pulls logged in User Name and ID</description>
        <parentUuid>_a-0000e47b-69b7-8000-9ba4-011c48011c48_15821</parentUuid>
        <visibility>
            <advertise>false</advertise>
            <hierarchy>true</hierarchy>
            <indexable>true</indexable>
            <quota>false</quota>
            <searchable>true</searchable>
            <system>false</system>
            <unlogged>false</unlogged>
        </visibility>
        <definition>/*{
user(loggedInUser(),"firstName"),
user(loggedInUser(),"email"),
loggedInUser()
}*/

/*
(Assigned to User OR (NOT Assigned to "Global Users" AND (priority="Urgent" OR priority="High")))
*/
/*if(isusermemberofgroup(user(loggedInUser(),"email"),cons!KK_UA_STUDENT_USER),
a!queryLogicalExpression(
  operator: "OR",
  logicalExpressions: {
    a!queryLogicalExpression(
      operator: "AND",
      filters: a!queryFilter(
        field: "email", 
        operator: "=", 
        value: user(loggedInUser(),"email")
      )
    )
  }
), false()
)*/

/*isusermemberofgroup(loggedInUser(),cons!CASE_GROUP_GLOBAL_VIEWERS),*/
/*
a!queryLogicalExpression(
  operator: "OR",
  logicalExpressions: {
    a!queryLogicalExpression(
      operator: "AND",
      filters: a!queryFilter(
        field: "userName", 
        operator: "=", 
        value: loggedInUser())
    )
    }
    )
    */
    {
    isusermemberofgroup(loggedInUser(),94),
    loggedInUser()
    }</definition>
        <preferredEditor>legacy</preferredEditor>
        <offlineEnabled>false</offlineEnabled>
    </rule>
    <roleMap public="true">
        <role inherit="true" allowForAll="false" name="readers">
            <users/>
            <groups/>
        </role>
        <role inherit="true" allowForAll="false" name="authors">
            <users/>
            <groups/>
        </role>
        <role inherit="true" allowForAll="false" name="administrators">
            <users/>
            <groups/>
        </role>
        <role inherit="false" allowForAll="false" name="denyReaders">
            <users/>
            <groups/>
        </role>
        <role inherit="false" allowForAll="false" name="denyAuthors">
            <users/>
            <groups/>
        </role>
        <role inherit="false" allowForAll="false" name="denyAdministrators">
            <users/>
            <groups/>
        </role>
    </roleMap>
    <history>
        <historyInfo versionUuid="_a-0000e47b-69b7-8000-9ba4-011c48011c48_36937"/>
    </history>
</contentHaul>
