<?xml version="1.0" encoding="UTF-8" standalone="yes"?>
<contentHaul xmlns:a="http://www.appian.com/ae/types/2009">
    <versionUuid>_a-0000e47b-69b7-8000-9ba4-011c48011c48_38109</versionUuid>
    <rule>
        <name>KK_UA_SatScoreChart</name>
        <uuid>_a-0000e47b-69b7-8000-9ba4-011c48011c48_37929</uuid>
        <description>Chart displaying sat score ranges of applicants.</description>
        <parentUuid>_a-0000e47b-69b7-8000-9ba4-011c48011c48_15950</parentUuid>
        <visibility>
            <advertise>false</advertise>
            <hierarchy>true</hierarchy>
            <indexable>true</indexable>
            <quota>false</quota>
            <searchable>true</searchable>
            <system>false</system>
            <unlogged>false</unlogged>
        </visibility>
        <definition>=#"SYSTEM_SYSRULES_barChartField"(
  label: "SAT Score Ranges",
  categories: {"400-800", "801-1200", "1201-1600"},
  series: {
    #"SYSTEM_SYSRULES_chartSeries"(label: "Number of Students", 
    data: {1, 6, 11})
  },
  xaxistitle: "Score Ranges",
  
  showLegend: false,
  showDataLabels: false
)</definition>
        <preferredEditor>interface</preferredEditor>
        <offlineEnabled>false</offlineEnabled>
    </rule>
    <roleMap public="true">
        <role inherit="true" allowForAll="false" name="readers">
            <users/>
            <groups/>
        </role>
        <role inherit="true" allowForAll="false" name="authors">
            <users/>
            <groups/>
        </role>
        <role inherit="true" allowForAll="false" name="administrators">
            <users/>
            <groups/>
        </role>
        <role inherit="false" allowForAll="false" name="denyReaders">
            <users/>
            <groups/>
        </role>
        <role inherit="false" allowForAll="false" name="denyAuthors">
            <users/>
            <groups/>
        </role>
        <role inherit="false" allowForAll="false" name="denyAdministrators">
            <users/>
            <groups/>
        </role>
    </roleMap>
    <history>
        <historyInfo versionUuid="_a-0000e47b-69b7-8000-9ba4-011c48011c48_38109"/>
    </history>
</contentHaul>
