<?xml version="1.0" encoding="UTF-8" standalone="yes"?>
<contentHaul xmlns:a="http://www.appian.com/ae/types/2009">
    <versionUuid>_a-0000e47b-69b7-8000-9ba4-011c48011c48_41001</versionUuid>
    <rule>
        <name>KK_UA_StafferViewApplication</name>
        <uuid>_a-0000e47b-69b7-8000-9ba4-011c48011c48_23795</uuid>
        <description>An interface for staffers to view student applications.</description>
        <parentUuid>_a-0000e47b-69b7-8000-9ba4-011c48011c48_15950</parentUuid>
        <visibility>
            <advertise>false</advertise>
            <hierarchy>true</hierarchy>
            <indexable>true</indexable>
            <quota>false</quota>
            <searchable>true</searchable>
            <system>false</system>
            <unlogged>false</unlogged>
        </visibility>
        <definition>#"SYSTEM_SYSRULES_formLayout_v1"(
  label: "Completion Form for " &amp; ri!KK_UA_Student.firstName &amp;
  " " &amp; ri!KK_UA_Student.lastName,
  contents: {
  #"SYSTEM_SYSRULES_sectionLayout_v1"(
    label: "Identification Information",
    contents: {
      #"SYSTEM_SYSRULES_columnsLayout"(
        columns: {
          #"SYSTEM_SYSRULES_columnLayout"(
            contents: {
              #"SYSTEM_SYSRULES_textField"(
                label: "First Name",
                labelPosition: "ADJACENT",
                value: ri!KK_UA_Student.firstName,
                readOnly: true
              ),
              #"SYSTEM_SYSRULES_dateField"(
                label: "Date Of Birth",
                labelPosition: "ADJACENT",
                value: ri!KK_UA_Student.dateOfBirth,
                readOnly: true
              )
            }
          ),
          #"SYSTEM_SYSRULES_columnLayout"(
            contents: {
              #"SYSTEM_SYSRULES_textField"(
                label: "Middle Name",
                labelPosition: "ADJACENT",
                value: ri!KK_UA_Student.middleName,
                readOnly: true
              ),
              #"SYSTEM_SYSRULES_textField"(
                label: "Email",
                labelPosition: "ADJACENT",
                value: ri!KK_UA_Student.email,
                readOnly: true
              )
            }
          ),
          #"SYSTEM_SYSRULES_columnLayout"(
            contents: {
              #"SYSTEM_SYSRULES_textField"(
                label: "Last Name",
                labelPosition: "ADJACENT",
                value: ri!KK_UA_Student.lastName,
                readOnly: true
              ),
              #"SYSTEM_SYSRULES_textField"(
                label: "Suffix",
                labelPosition: "ADJACENT",
                value: ri!KK_UA_Student.suffix,
                readOnly: true
              )
            }
          )
        }
      )
    }
  ),
  #"SYSTEM_SYSRULES_sectionLayout_v1"(
    label: "Permanent Home Address",
    contents: {
      #"SYSTEM_SYSRULES_columnsLayout"(
        columns: {
          #"SYSTEM_SYSRULES_columnLayout"(
            contents: {
              #"SYSTEM_SYSRULES_textField"(
                label: "Street Address",
                labelPosition: "ADJACENT",
                value: ri!KK_UA_Student.streetAddress,
                readOnly: true
              ),
              #"SYSTEM_SYSRULES_textField"(
                label: "City",
                labelPosition: "ADJACENT",
                value: ri!KK_UA_Student.city,
                readOnly: true
              ),
              #"SYSTEM_SYSRULES_textField"(
                label: "State",
                labelPosition: "ADJACENT",
                value: ri!KK_UA_Student.state,
                readOnly: true
              ),
              #"SYSTEM_SYSRULES_integerField"(
                label: "Zip Code",
                labelPosition: "ADJACENT",
                value: ri!KK_UA_Student.zipCode,
                readOnly: true
              )
            }
          ),
          #"SYSTEM_SYSRULES_columnLayout"(
            contents: {
              #"SYSTEM_SYSRULES_textField"(
                label: "Mobile Phone Number",
                labelPosition: "ADJACENT",
                value: ri!KK_UA_Student.phoneNumber,
                readOnly: true
              )
            }
          )
        }
      )
    }
  ),
  #"SYSTEM_SYSRULES_sectionLayout_v1"(
    label: "Emergency Contact Information",
    contents: {
      #"SYSTEM_SYSRULES_columnsLayout"(
        columns: {
          #"SYSTEM_SYSRULES_columnLayout"(
            contents: {
              #"SYSTEM_SYSRULES_textField"(
                label: "First Name",
                labelPosition: "ADJACENT",
                value: ri!KK_UA_Student.emergencyContactFirstName,
                readOnly: true
              ),
              #"SYSTEM_SYSRULES_textField"(
                label: "Phone Number",
                labelPosition: "ADJACENT",
                value: ri!KK_UA_Student.emergencyContactPhoneNumber,
                readOnly: true
              ),
              #"SYSTEM_SYSRULES_textField"(
                label: "Relationship to Student",
                labelPosition: "ADJACENT",
                value: ri!KK_UA_Student.emergencyContactRelationship,
                readOnly: true
              )
            }
          ),
          #"SYSTEM_SYSRULES_columnLayout"(
            contents: {
              #"SYSTEM_SYSRULES_textField"(
                label: "Middle Name",
                labelPosition: "ADJACENT",
                value: ri!KK_UA_Student.emergencyContactMiddleName,
                readOnly: true
              ),
              #"SYSTEM_SYSRULES_textField"(
                label: "Email Address",
                labelPosition: "ADJACENT",
                value: ri!KK_UA_Student.emergencyContactEmail,
                readOnly: true
              )
            }
          ),
          #"SYSTEM_SYSRULES_columnLayout"(
            contents: {
              #"SYSTEM_SYSRULES_textField"(
                label: "Last Name",
                labelPosition: "ADJACENT",
                value: ri!KK_UA_Student.emergencyContactLastName,
                readOnly: true
              ),
              #"SYSTEM_SYSRULES_textField"(
                label: "Suffix",
                labelPosition: "ADJACENT",
                value: ri!KK_UA_Student.emergencyContactSuffix,
                readOnly: true
              )
            }
          )
        }
      )
    }
  ),
  #"SYSTEM_SYSRULES_sectionLayout_v1"(
    label: "Demographic Information",
    contents: {
      #"SYSTEM_SYSRULES_columnsLayout"(
        columns: {
          #"SYSTEM_SYSRULES_columnLayout"(
            contents: {
              #"SYSTEM_SYSRULES_textField"(
                label: "Gender",
                labelPosition: "ADJACENT",
                value: ri!KK_UA_Student.gender,
                readOnly: true
              ),
              #"SYSTEM_SYSRULES_textField"(
                label: "Primary Language",
                labelPosition: "ADJACENT",
                value: if(ri!KK_UA_Student.primaryLanguage=true,                                 
                "English",
                "Not English"),
                readOnly: true
              ),
              #"SYSTEM_SYSRULES_textField"(
                label: "Disability",
                labelPosition: "ADJACENT",
                value: if(ri!KK_UA_Student.disability=true,                 
                "Yes",
                "No"),
                readOnly: true
              )
            }
          ),
          #"SYSTEM_SYSRULES_columnLayout"(
            contents: {
              #"SYSTEM_SYSRULES_textField"(
                label: "Ethnicity",
                labelPosition: "ADJACENT",
                value: if(ri!KK_UA_Student.ethnicity=true,                                 
                "Hispanic/Latino",
                "Not Hispanic/Latino"),
                readOnly: true
              ),
              #"SYSTEM_SYSRULES_textField"(
                label: "Race",
                labelPosition: "ADJACENT",
                value: ri!KK_UA_Student.race,
                readOnly: true
              ),
              #"SYSTEM_SYSRULES_textField"(
                label: "First time applicant",
                labelPosition: "ADJACENT",
                value: ri!KK_UA_Student.previouslyApplied,
                saveInto: ri!KK_UA_Student.previouslyApplied,
                refreshAfter: "UNFOCUS",
                readonly: true,
                validations: {}
              )
            }
          ),
          #"SYSTEM_SYSRULES_columnLayout"(
            contents: {
              #"SYSTEM_SYSRULES_textField"(
                label: "Legacy Student",
                labelPosition: "ADJACENT",
                value: if(ri!KK_UA_Student.legacyStatus=true,                 
                "Yes",
                "No"),
                readOnly: true

              ),
              #"SYSTEM_SYSRULES_textField"(
                label: "Relationship to Student",
                labelPosition: "ADJACENT",
                value: ri!KK_UA_Student.legacyRelation,
                readOnly: true
              ),
              #"SYSTEM_SYSRULES_textField"(
                label: "Previously Applied",
                labelPosition: "ADJACENT",
                value: if(ri!KK_UA_Student.previouslyApplied=true,                 
                "Yes",
                "No"),
                saveInto: {},
                refreshAfter: "UNFOCUS",
                readonly: true,
                validations: {}
              )
            }
          )
        }
      )
    }
  ),
  #"SYSTEM_SYSRULES_sectionLayout_v1"(
    label: "Citizenship Information",
    contents: {
      #"SYSTEM_SYSRULES_textField"(
        label: "U.S. Citizen?",
        labelPosition: "ADJACENT",
        value: if(ri!KK_UA_Student.citizenshipInfo=true,         
        "Yes",
        "No"),
        readOnly: true


      ),
      #"SYSTEM_SYSRULES_textField"(
        label: "Social Security Number",
        labelPosition: "ADJACENT",
        value: ri!KK_UA_Student.socialSecurityNumber,
        readOnly: true
      )
    }
  ),
  #"SYSTEM_SYSRULES_sectionLayout_v1"(
    label: "Academic Interest",
    contents: {
      #"SYSTEM_SYSRULES_columnsLayout"(
        columns: {
          #"SYSTEM_SYSRULES_columnLayout"(
            contents: {
              #"SYSTEM_SYSRULES_textField"(
                label: "High School",
                labelPosition: "ADJACENT",
                value: ri!KK_UA_Student.highSchool,
                readOnly: true
              ),
              #"SYSTEM_SYSRULES_floatingPointField"(
                label: "Gpa",
                labelPosition: "ADJACENT",
                value: ri!KK_UA_Student.gpa,
                readOnly: true
              ),
              #"SYSTEM_SYSRULES_integerField"(
                label: "Sat Score",
                labelPosition: "ADJACENT",
                value: ri!KK_UA_Student.satScore,
                readOnly: true
              ),
              #"SYSTEM_SYSRULES_fileUploadField_v1"(
                label: "High School Transcript",
                labelPosition: "ABOVE",
                target: #"_a-0000e47b-69b7-8000-9ba4-011c48011c48_21763",
                maxselections: 1,
                value: ri!KK_UA_Student.highSchoolTranscript,
                saveInto: ri!KK_UA_Student.highSchoolTranscript,
                required: true,
                validations: {}
              )
            }
          ),
          #"SYSTEM_SYSRULES_columnLayout"(
            contents: {
              #"SYSTEM_SYSRULES_textField"(
                label: "Major",
                labelPosition: "ADJACENT",
                value: ri!KK_UA_Student.major,
                readOnly: true
              ),
              #"SYSTEM_SYSRULES_textField"(
                label: "Term",
                labelPosition: "ADJACENT",
                value: ri!KK_UA_Student.term,
                readOnly: true
              )
            }
          )
        }
      )
    }
  ),
  #"SYSTEM_SYSRULES_sectionLayout_v1"(
    label: "Supplemental Information",
    contents: {
      #"SYSTEM_SYSRULES_columnsLayout"(
        columns: {
          #"SYSTEM_SYSRULES_columnLayout"(
            contents: {
              #"SYSTEM_SYSRULES_paragraphField"(
                label: "Extracurriculars",
                labelPosition: "ABOVE",
                value: ri!KK_UA_Student.extracurriculars,
                refreshAfter: "UNFOCUS",
                readonly: true,
                height: "MEDIUM",
                validations: {}
              
           
              ),
              #"SYSTEM_SYSRULES_linkField"(
                label: "Letter(s) of Reccomendation",
                labelPosition: "ABOVE",
                links: #"SYSTEM_SYSRULES_documentDownloadLink"(ri!KK_UA_Student.lettersOfReccomendation,
                "Letter(s) of Reccommendation",                                 
                true),
                showwhen: if(isnull(ri!KK_UA_Student.lettersOfReccomendation),
                false, true
                )
              ),
              #"SYSTEM_SYSRULES_fileUploadField_v1"(
                label: "Letters of Reccomendation",
                labelPosition: "ABOVE",
                target: #"_a-0000e47b-69b7-8000-9ba4-011c48011c48_21763",
                maxselections: 3,
                value: ri!KK_UA_Student.lettersOfReccomendation,
                saveInto: ri!KK_UA_Student.lettersOfReccomendation,
                showwhen: if(
                  isnull(ri!KK_UA_Student.lettersOfReccomendation),
                true, false),
                required: true,
                validations: {}
              ),
              
              
              #"SYSTEM_SYSRULES_paragraphField"(
                label: "Awards",
                labelPosition: "ABOVE",
                value: ri!KK_UA_Student.awards,
                saveInto: {},
                refreshAfter: "UNFOCUS",
                readonly: true,
                height: "MEDIUM",
                validations: {}
              ),
              #"SYSTEM_SYSRULES_paragraphField"(
                label: "Work Experience",
                labelPosition: "ABOVE",
                value: ri!KK_UA_Student.workExperience,
                refreshAfter: "UNFOCUS",
                readonly: true,
                height: "MEDIUM",
                validations: {}
              ),
              #"SYSTEM_SYSRULES_paragraphField"(
                label: "Application Essay",
                labelPosition: "ABOVE",
                value: ri!KK_UA_Student.applicationEssay,
                readOnly: true
              )
            }
          )
        }
      )
    }
  ),
  #"SYSTEM_SYSRULES_sideBySideLayout"(
    items: {
      #"SYSTEM_SYSRULES_sideBySideItem"(
        item: #"SYSTEM_SYSRULES_ButtonArrayLayout"(
          buttons: {
            #"SYSTEM_SYSRULES_ButtonWidget"(
              label: "Incomplete",
              icon: "times",
              tooltip: "Send back to student",
              value: "Incomplete",
              saveinto: ri!KK_UA_Student.applicationStatus,
              submit: true,
              style: "NORMAL"
            )
          },
          align: "START"
        )
      ),
      #"SYSTEM_SYSRULES_sideBySideItem"(
        item: #"SYSTEM_SYSRULES_ButtonArrayLayout"(
          buttons: {
            #"SYSTEM_SYSRULES_ButtonWidget"(
              label: "Approve",
              icon: "check",
              tooltip: "Send to counselor",
              value: "In Progress",
              saveinto: ri!KK_UA_Student.applicationStatus,
              submit: true,
              style: "NORMAL"
            )
          },
          align: "END"
        )
      )
    }
  )
})</definition>
        <namedTypedValue>
            <name>KK_UA_Student</name>
            <type>
                <name>KK_UA_Student</name>
                <namespace>urn:com:appian:types</namespace>
            </type>
        </namedTypedValue>
        <preferredEditor>interface</preferredEditor>
        <offlineEnabled>false</offlineEnabled>
    </rule>
    <roleMap public="true">
        <role inherit="true" allowForAll="false" name="readers">
            <users/>
            <groups/>
        </role>
        <role inherit="true" allowForAll="false" name="authors">
            <users/>
            <groups/>
        </role>
        <role inherit="true" allowForAll="false" name="administrators">
            <users/>
            <groups/>
        </role>
        <role inherit="false" allowForAll="false" name="denyReaders">
            <users/>
            <groups/>
        </role>
        <role inherit="false" allowForAll="false" name="denyAuthors">
            <users/>
            <groups/>
        </role>
        <role inherit="false" allowForAll="false" name="denyAdministrators">
            <users/>
            <groups/>
        </role>
    </roleMap>
    <typedValue>
        <type>
            <name>RuleTestConfig?list</name>
            <namespace>http://www.appian.com/ae/types/2009</namespace>
        </type>
        <value>
            <el>
                <a:name/>
                <a:ruleInputTestConfigs>
                    <a:value xmlns:xsi="http://www.w3.org/2001/XMLSchema-instance" xsi:type="a:Expression">'type!{urn:com:appian:types}KK_UA_Student'()</a:value>
                    <a:nameRef>KK_UA_Student</a:nameRef>
                    <a:id>1</a:id>
                </a:ruleInputTestConfigs>
                <a:assertions xmlns:xsi="http://www.w3.org/2001/XMLSchema-instance" xsi:nil="true"/>
            </el>
        </value>
    </typedValue>
    <history>
        <historyInfo versionUuid="_a-0000e47b-69b7-8000-9ba4-011c48011c48_41001"/>
    </history>
</contentHaul>
