<?xml version="1.0" encoding="UTF-8" standalone="yes"?>
<contentHaul xmlns:a="http://www.appian.com/ae/types/2009">
    <versionUuid>_a-0000e47b-69b7-8000-9ba4-011c48011c48_17180</versionUuid>
    <constant>
        <name>KK_UA_STATES</name>
        <uuid>_a-0000e47b-69b7-8000-9ba4-011c48011c48_17176</uuid>
        <description>List of states in U.S.</description>
        <parentUuid>_a-0000e47b-69b7-8000-9ba4-011c48011c48_15921</parentUuid>
        <visibility>
            <advertise>false</advertise>
            <hierarchy>true</hierarchy>
            <indexable>true</indexable>
            <quota>false</quota>
            <searchable>true</searchable>
            <system>false</system>
            <unlogged>false</unlogged>
        </visibility>
        <typedValue>
            <type>
                <name>Text?list</name>
                <namespace>http://www.appian.com/ae/types/2009</namespace>
            </type>
            <value>
                <el>Alabama</el>
                <el>Alaska</el>
                <el>American Samoa</el>
                <el>Arizona</el>
                <el>Arkansas</el>
                <el>California</el>
                <el>Colorado</el>
                <el>Connecticut</el>
                <el>Delaware</el>
                <el>Dist. of Columbia</el>
                <el>Florida</el>
                <el>Georgia</el>
                <el>Guam</el>
                <el>Hawaii</el>
                <el>Idaho</el>
                <el>Illinois</el>
                <el>Indiana</el>
                <el>Iowa</el>
                <el>Kansas</el>
                <el>Kentucky</el>
                <el>Louisiana</el>
                <el>Maine</el>
                <el>Marshall Islands</el>
                <el>Maryland</el>
                <el>Massachusetts</el>
                <el>Michigan</el>
                <el>Micronesia</el>
                <el>Military-Americas</el>
                <el>Military-Europe</el>
                <el>Military-Pacific</el>
                <el>Minnesota</el>
                <el>Mississippi</el>
                <el>Missouri</el>
                <el>Montana</el>
                <el>Nebraska</el>
                <el>Nevada</el>
                <el>New Hampshire</el>
                <el>New Jersey</el>
                <el>New Mexico</el>
                <el>New York</el>
                <el>North Carolina</el>
                <el>North Dakota</el>
                <el>Northern Mariana Islands</el>
                <el>Ohio</el>
                <el>Oklahoma</el>
                <el>Oregon</el>
                <el>Palau</el>
                <el>Pennsylvania</el>
                <el>Pacific Islands</el>
                <el>Puerto Rico</el>
                <el>Rhode Island</el>
                <el>South Carolina</el>
                <el>South Dakota</el>
                <el>Tennessee</el>
                <el>Texas</el>
                <el>Utah</el>
                <el>Vermont</el>
                <el>Virgin Islands</el>
                <el>Virginia</el>
                <el>Washington</el>
                <el>West Virginia</el>
                <el>Wisconsin</el>
                <el>Wyoming</el>
            </value>
        </typedValue>
        <isEnvironmentSpecific>false</isEnvironmentSpecific>
    </constant>
    <roleMap public="true">
        <role inherit="true" allowForAll="false" name="readers">
            <users/>
            <groups/>
        </role>
        <role inherit="true" allowForAll="false" name="authors">
            <users/>
            <groups/>
        </role>
        <role inherit="true" allowForAll="false" name="administrators">
            <users/>
            <groups/>
        </role>
        <role inherit="false" allowForAll="false" name="denyReaders">
            <users/>
            <groups/>
        </role>
        <role inherit="false" allowForAll="false" name="denyAuthors">
            <users/>
            <groups/>
        </role>
        <role inherit="false" allowForAll="false" name="denyAdministrators">
            <users/>
            <groups/>
        </role>
    </roleMap>
    <history>
        <historyInfo versionUuid="_a-0000e47b-69b7-8000-9ba4-011c48011c48_17180"/>
    </history>
</contentHaul>
