<?xml version="1.0" encoding="UTF-8" standalone="yes"?>
<contentHaul xmlns:a="http://www.appian.com/ae/types/2009">
    <versionUuid>_a-0000e47b-69b7-8000-9ba4-011c48011c48_39576</versionUuid>
    <rule>
        <name>KK_UA_Disability</name>
        <uuid>_a-0000e47b-69b7-8000-9ba4-011c48011c48_39541</uuid>
        <description>Chart displaying proportion of students with disabilities.</description>
        <parentUuid>_a-0000e47b-69b7-8000-9ba4-011c48011c48_15950</parentUuid>
        <visibility>
            <advertise>false</advertise>
            <hierarchy>true</hierarchy>
            <indexable>true</indexable>
            <quota>false</quota>
            <searchable>true</searchable>
            <system>false</system>
            <unlogged>false</unlogged>
        </visibility>
        <definition>a!localVariables(
  local!pagingInfo: #"SYSTEM_SYSRULES_pagingInfo"(
    startIndex: 1,
    batchSize: - 1,
    sort: {}
  ),
  local!datasubset: #"SYSTEM_SYSRULES_queryEntity_v1"(
    entity: #"_a-0000e47b-69b7-8000-9ba4-011c48011c48_21094",
    query: #"SYSTEM_SYSRULES_query"(
      aggregation: #"SYSTEM_SYSRULES_queryAggregation"(
        aggregationColumns: {
          #"SYSTEM_SYSRULES_queryAggregationColumn"(
            field: "studentId",
            aggregationFunction: "COUNT"
          ),
          #"SYSTEM_SYSRULES_queryAggregationColumn"(
            field: "disability",
            isGrouping: true
          )
        }
      ),
      pagingInfo: local!pagingInfo
    ),
    fetchTotalCount: false
  ),
  {
    #"SYSTEM_SYSRULES_pieChartField"(
      label: "Disabilities",
      series: {
        #"SYSTEM_SYSRULES_forEach"(
          items: local!datasubset,
          expression: #"SYSTEM_SYSRULES_chartSeries"(
            label: if(index(
              fv!item,
              "disability",
              null
            ),
            "Disabled",
            "Not Disabled"),
            data: index(
              fv!item,
              "studentId",
              null
            )
          )
        )
      },
      showtooltips: true,
      showaspercentage: true
    )
  }
)</definition>
        <preferredEditor>interface</preferredEditor>
        <offlineEnabled>false</offlineEnabled>
    </rule>
    <roleMap public="true">
        <role inherit="true" allowForAll="false" name="readers">
            <users/>
            <groups/>
        </role>
        <role inherit="true" allowForAll="false" name="authors">
            <users/>
            <groups/>
        </role>
        <role inherit="true" allowForAll="false" name="administrators">
            <users/>
            <groups/>
        </role>
        <role inherit="false" allowForAll="false" name="denyReaders">
            <users/>
            <groups/>
        </role>
        <role inherit="false" allowForAll="false" name="denyAuthors">
            <users/>
            <groups/>
        </role>
        <role inherit="false" allowForAll="false" name="denyAdministrators">
            <users/>
            <groups/>
        </role>
    </roleMap>
    <history>
        <historyInfo versionUuid="_a-0000e47b-69b7-8000-9ba4-011c48011c48_39576"/>
    </history>
</contentHaul>
