<?xml version="1.0" encoding="UTF-8" standalone="yes"?>
<contentHaul xmlns:a="http://www.appian.com/ae/types/2009">
    <versionUuid>_a-0000e47b-69b7-8000-9ba4-011c48011c48_46675</versionUuid>
    <rule>
        <name>KK_UA_CombinedCharts</name>
        <uuid>_a-0000e47b-69b7-8000-9ba4-011c48011c48_39577</uuid>
        <description>All charts relating to student application data.</description>
        <parentUuid>_a-0000e47b-69b7-8000-9ba4-011c48011c48_15950</parentUuid>
        <visibility>
            <advertise>false</advertise>
            <hierarchy>true</hierarchy>
            <indexable>true</indexable>
            <quota>false</quota>
            <searchable>true</searchable>
            <system>false</system>
            <unlogged>false</unlogged>
        </visibility>
        <definition>{
 
  #"SYSTEM_SYSRULES_columnsLayout"(
    columns: {
      #"SYSTEM_SYSRULES_columnLayout"(
        contents: #"_a-0000e47b-69b7-8000-9ba4-011c48011c48_37004"()
      )
    }
  ),
  #"SYSTEM_SYSRULES_sectionLayout_v1"(
    label: "Score ranges",
    contents: {
      #"SYSTEM_SYSRULES_columnsLayout"(
        columns: {
          #"SYSTEM_SYSRULES_columnLayout"(
            contents: {
              #"_a-0000e47b-69b7-8000-9ba4-011c48011c48_37929"()
            }
          ),
          #"SYSTEM_SYSRULES_columnLayout"(
            contents: #"_a-0000e47b-69b7-8000-9ba4-011c48011c48_38118"()
          )
        }
      )
    }
  ),
  #"SYSTEM_SYSRULES_sectionLayout_v1"(
    label: "Student Demographics",
    contents: {
      #"SYSTEM_SYSRULES_columnsLayout"(
        columns: {
          #"SYSTEM_SYSRULES_columnLayout"(
            contents: #"_a-0000e47b-69b7-8000-9ba4-011c48011c48_45888"()
          ),
          #"SYSTEM_SYSRULES_columnLayout"(
            contents: #"_a-0000e47b-69b7-8000-9ba4-011c48011c48_46145"()
          )
        }
      )
    }
  )
}</definition>
        <preferredEditor>interface</preferredEditor>
        <offlineEnabled>false</offlineEnabled>
    </rule>
    <roleMap public="true">
        <role inherit="true" allowForAll="false" name="readers">
            <users/>
            <groups/>
        </role>
        <role inherit="true" allowForAll="false" name="authors">
            <users/>
            <groups/>
        </role>
        <role inherit="true" allowForAll="false" name="administrators">
            <users/>
            <groups/>
        </role>
        <role inherit="false" allowForAll="false" name="denyReaders">
            <users/>
            <groups/>
        </role>
        <role inherit="false" allowForAll="false" name="denyAuthors">
            <users/>
            <groups/>
        </role>
        <role inherit="false" allowForAll="false" name="denyAdministrators">
            <users/>
            <groups/>
        </role>
    </roleMap>
    <history>
        <historyInfo versionUuid="_a-0000e47b-69b7-8000-9ba4-011c48011c48_46675"/>
    </history>
</contentHaul>
