<?xml version="1.0" encoding="UTF-8" standalone="yes"?>
<contentHaul xmlns:a="http://www.appian.com/ae/types/2009">
    <versionUuid>_a-0000e47b-69b7-8000-9ba4-011c48011c48_17561</versionUuid>
    <constant>
        <name>KK_UA_EMERGENCY_CONTACT_RELATIONSHIP</name>
        <uuid>_a-0000e47b-69b7-8000-9ba4-011c48011c48_17557</uuid>
        <description>List of relationships between emergency contact and applicant.</description>
        <parentUuid>_a-0000e47b-69b7-8000-9ba4-011c48011c48_15921</parentUuid>
        <visibility>
            <advertise>false</advertise>
            <hierarchy>true</hierarchy>
            <indexable>true</indexable>
            <quota>false</quota>
            <searchable>true</searchable>
            <system>false</system>
            <unlogged>false</unlogged>
        </visibility>
        <typedValue>
            <type>
                <name>Text?list</name>
                <namespace>http://www.appian.com/ae/types/2009</namespace>
            </type>
            <value>
                <el>Father</el>
                <el>Mother</el>
                <el>Brother</el>
                <el>Sister</el>
                <el>Husband</el>
                <el>Wife</el>
                <el>Son</el>
                <el>Daughter</el>
                <el>Grandson</el>
                <el>Granddaughter</el>
                <el>Uncle</el>
                <el>Aunt</el>
                <el>Grandfather</el>
                <el>Grandmother</el>
                <el>Legal Guardian</el>
                <el>Other</el>
            </value>
        </typedValue>
        <isEnvironmentSpecific>false</isEnvironmentSpecific>
    </constant>
    <roleMap public="true">
        <role inherit="true" allowForAll="false" name="readers">
            <users/>
            <groups/>
        </role>
        <role inherit="true" allowForAll="false" name="authors">
            <users/>
            <groups/>
        </role>
        <role inherit="true" allowForAll="false" name="administrators">
            <users/>
            <groups/>
        </role>
        <role inherit="false" allowForAll="false" name="denyReaders">
            <users/>
            <groups/>
        </role>
        <role inherit="false" allowForAll="false" name="denyAuthors">
            <users/>
            <groups/>
        </role>
        <role inherit="false" allowForAll="false" name="denyAdministrators">
            <users/>
            <groups/>
        </role>
    </roleMap>
    <history>
        <historyInfo versionUuid="_a-0000e47b-69b7-8000-9ba4-011c48011c48_17561"/>
    </history>
</contentHaul>
