<?xml version="1.0" encoding="UTF-8" standalone="yes"?>
<contentHaul xmlns:a="http://www.appian.com/ae/types/2009">
    <versionUuid>_a-0000e47b-69b7-8000-9ba4-011c48011c48_46660</versionUuid>
    <rule>
        <name>KK_UA_PieChartDisability</name>
        <uuid>_a-0000e47b-69b7-8000-9ba4-011c48011c48_46145</uuid>
        <description>Drill down pie chart displaying proportion of students with disabilities and how often they get accepted.</description>
        <parentUuid>_a-0000e47b-69b7-8000-9ba4-011c48011c48_15950</parentUuid>
        <visibility>
            <advertise>false</advertise>
            <hierarchy>true</hierarchy>
            <indexable>true</indexable>
            <quota>false</quota>
            <searchable>true</searchable>
            <system>false</system>
            <unlogged>false</unlogged>
        </visibility>
        <definition>a!localVariables(
  local!selectedDisability,
  /* This query fetches the grouped data for the pie chart. */
  local!chartDatasubset: #"SYSTEM_SYSRULES_queryEntity_v1"(
    entity: #"_a-0000e47b-69b7-8000-9ba4-011c48011c48_21094",
    query: #"SYSTEM_SYSRULES_query"(
      aggregation: #"SYSTEM_SYSRULES_queryAggregation"(
        aggregationColumns: {
          #"SYSTEM_SYSRULES_queryAggregationColumn"(
            field: "disability",
            isGrouping: true
          ),
          #"SYSTEM_SYSRULES_queryAggregationColumn"(
            field: "studentId",
            alias: "id_count",
            aggregationFunction: "COUNT"
          )
        }
      ),
      pagingInfo: #"SYSTEM_SYSRULES_pagingInfo"(
        startIndex: 1,
        batchSize: -1,
        sort: #"SYSTEM_SYSRULES_sortInfo"(
          field: "disability",
          ascending: true
        )
      )
    )
  ),
  {
    #"SYSTEM_SYSRULES_pieChartField"(
      label: "Student Disability Demographics",
      series: #"SYSTEM_SYSRULES_forEach"(
        items: local!chartDatasubset.data,
        expression: #"SYSTEM_SYSRULES_chartSeries"(
          label: if(fv!item.disability,"Disabled","Not Disabled"),
          data: fv!item.id_count,
          /* Clicking on the chart sets the filter value for the grid. */
          links: #"SYSTEM_SYSRULES_dynamicLink"(value: fv!item.disability, saveInto: local!selecteddisability)
        )
      ),
      showWhen: isnull(local!selecteddisability)
    ),
    /* This simple link field resets the selected department. */
    #"SYSTEM_SYSRULES_linkField"(
      labelPosition: "COLLAPSED",
      links: #"SYSTEM_SYSRULES_dynamicLink"(
        label: "Back to Chart",
        value: null,
        saveInto: local!selectedDisability,
        showWhen:not(isnull(local!selectedDisability))
      )
    ),
    #"SYSTEM_SYSRULES_gridField_v1"(
      /* Using the value of selected department, we can easily give
         the grid a dynamic title. */
      label: local!selectedDisability &amp; " Students",
      labelPosition: "ABOVE",
      data: #"SYSTEM_SYSRULES_queryEntity_v1"(
        entity: #"_a-0000e47b-69b7-8000-9ba4-011c48011c48_21094",
        query: #"SYSTEM_SYSRULES_query"(
          logicalexpression: #"SYSTEM_SYSRULES_queryLogicalExpression"(
            operator: "AND",
            filters: {
              #"SYSTEM_SYSRULES_queryFilter"(
                field: "disability",
                operator: "=",
                value: local!selectedDisability
              )
            },
            ignoreFiltersWithEmptyValues: true
          ),
          pagingInfo: fv!pagingInfo
        ),
        fetchTotalCount: true
      ),
      columns: {
        #"SYSTEM_SYSRULES_gridColumn"(
          label: "First Name",
          sortField: "firstName",
          value: fv!row.firstName
        ),
        #"SYSTEM_SYSRULES_gridColumn"(
          label: "Last Name",
          sortField: "lastName",
          value: fv!row.lastName
        ),
        #"SYSTEM_SYSRULES_gridColumn"(
          label: "Application Status",
          sortField: "applicationStatus",
          value: fv!row.applicationStatus
        )
      },
      showWhen: not(isnull(local!selectedDisability))
    )
  }
)</definition>
        <preferredEditor>interface</preferredEditor>
        <offlineEnabled>false</offlineEnabled>
    </rule>
    <roleMap public="true">
        <role inherit="true" allowForAll="false" name="readers">
            <users/>
            <groups/>
        </role>
        <role inherit="true" allowForAll="false" name="authors">
            <users/>
            <groups/>
        </role>
        <role inherit="true" allowForAll="false" name="administrators">
            <users/>
            <groups/>
        </role>
        <role inherit="false" allowForAll="false" name="denyReaders">
            <users/>
            <groups/>
        </role>
        <role inherit="false" allowForAll="false" name="denyAuthors">
            <users/>
            <groups/>
        </role>
        <role inherit="false" allowForAll="false" name="denyAdministrators">
            <users/>
            <groups/>
        </role>
    </roleMap>
    <history>
        <historyInfo versionUuid="_a-0000e47b-69b7-8000-9ba4-011c48011c48_46660"/>
    </history>
</contentHaul>
