<?xml version="1.0" encoding="UTF-8" standalone="yes"?>
<contentHaul xmlns:a="http://www.appian.com/ae/types/2009">
    <versionUuid>_a-0000e47b-69b7-8000-9ba4-011c48011c48_35131</versionUuid>
    <rule>
        <name>KK_UA_StudentAcceptanceForm</name>
        <uuid>_a-0000e47b-69b7-8000-9ba4-011c48011c48_28072</uuid>
        <description>An interface for Students to view and approve/ reject the admission</description>
        <parentUuid>_a-0000e47b-69b7-8000-9ba4-011c48011c48_15950</parentUuid>
        <visibility>
            <advertise>false</advertise>
            <hierarchy>true</hierarchy>
            <indexable>true</indexable>
            <quota>false</quota>
            <searchable>true</searchable>
            <system>false</system>
            <unlogged>false</unlogged>
        </visibility>
        <definition>#"SYSTEM_SYSRULES_formLayout_v1"(
  label: "Congratulations " &amp; 
  ri!KK_UA_Student.firstName &amp; " " &amp;
  ri!KK_UA_Student.lastName,
  contents:{
    #"SYSTEM_SYSRULES_sectionLayout_v1"(
      label: "You have been Accepted for",
      contents: {
        #"SYSTEM_SYSRULES_columnsLayout"(
          columns: {
            #"SYSTEM_SYSRULES_columnLayout"(
              contents: {
                #"SYSTEM_SYSRULES_textField"(
                  label: "Term",
                  labelPosition: "ABOVE",
                  value: ri!KK_UA_Student.term,
                  saveInto: {},
                  refreshAfter: "UNFOCUS",
                  readonly: true,
                  validations: {}
                )
              }
            ),
            #"SYSTEM_SYSRULES_columnLayout"(
              contents: {
                #"SYSTEM_SYSRULES_textField"(
                  label: "Major",
                  labelPosition: "ABOVE",
                  value: ri!KK_UA_Student.major,
                  saveInto: {},
                  refreshAfter: "UNFOCUS",
                  readonly: true,
                  validations: {}
                )
              }
            )
          }
        )
      }
    ),
    #"SYSTEM_SYSRULES_textField"(
      label: "",
      labelPosition: "ABOVE",
      instructions: "",
      placeholder: "",
      value: "Please let us know your decision by Clicking either Accept or Reject options below",
      saveInto: {},
      refreshAfter: "UNFOCUS",
      readonly: true,
      validations: {}
    ),
  #"SYSTEM_SYSRULES_sideBySideLayout"(
    items: {
      #"SYSTEM_SYSRULES_sideBySideItem"(
        item: #"SYSTEM_SYSRULES_ButtonArrayLayout"(
          buttons: {
            #"SYSTEM_SYSRULES_ButtonWidget"(
              label: "Reject",
              icon: "times",
              value: "Rejected",
              saveinto: ri!KK_UA_Student.studentDecision,
              submit: true,
              style: "NORMAL"
            )
          },
          align: "START"
        )
      ),
      #"SYSTEM_SYSRULES_sideBySideItem"(
        item: #"SYSTEM_SYSRULES_ButtonArrayLayout"(
          buttons: {
            #"SYSTEM_SYSRULES_ButtonWidget"(
              label: "Accept",
              icon: "check",
              value: "Accepted",
              saveinto: ri!KK_UA_Student.studentDecision,
              submit: true,
              style: "NORMAL"
            )
          },
          align: "END"
        )
      )
    }
  )
})</definition>
        <namedTypedValue>
            <name>KK_UA_Student</name>
            <type>
                <name>KK_UA_Student</name>
                <namespace>urn:com:appian:types</namespace>
            </type>
        </namedTypedValue>
        <preferredEditor>interface</preferredEditor>
        <offlineEnabled>false</offlineEnabled>
    </rule>
    <roleMap public="true">
        <role inherit="true" allowForAll="false" name="readers">
            <users/>
            <groups/>
        </role>
        <role inherit="true" allowForAll="false" name="authors">
            <users/>
            <groups/>
        </role>
        <role inherit="true" allowForAll="false" name="administrators">
            <users/>
            <groups/>
        </role>
        <role inherit="false" allowForAll="false" name="denyReaders">
            <users/>
            <groups/>
        </role>
        <role inherit="false" allowForAll="false" name="denyAuthors">
            <users/>
            <groups/>
        </role>
        <role inherit="false" allowForAll="false" name="denyAdministrators">
            <users/>
            <groups/>
        </role>
    </roleMap>
    <typedValue>
        <type>
            <name>RuleTestConfig?list</name>
            <namespace>http://www.appian.com/ae/types/2009</namespace>
        </type>
        <value>
            <el>
                <a:name/>
                <a:ruleInputTestConfigs>
                    <a:value xmlns:xsi="http://www.w3.org/2001/XMLSchema-instance" xsi:type="a:Expression">'type!{urn:com:appian:types}KK_UA_Student'()</a:value>
                    <a:nameRef>KK_UA_Student</a:nameRef>
                    <a:id>1</a:id>
                </a:ruleInputTestConfigs>
                <a:assertions xmlns:xsi="http://www.w3.org/2001/XMLSchema-instance" xsi:nil="true"/>
            </el>
        </value>
    </typedValue>
    <history>
        <historyInfo versionUuid="_a-0000e47b-69b7-8000-9ba4-011c48011c48_35131"/>
    </history>
</contentHaul>
