<?xml version="1.0" encoding="UTF-8" standalone="yes"?>
<contentHaul xmlns:a="http://www.appian.com/ae/types/2009">
    <versionUuid>_a-0000e47b-69b7-8000-9ba4-011c48011c48_49173</versionUuid>
    <rule>
        <name>KK_UA_SiteDashboard</name>
        <uuid>_a-0000e47b-69b7-8000-9ba4-011c48011c48_48622</uuid>
        <description>The dashboard/homepage for the student and employee website.</description>
        <parentUuid>_a-0000e47b-69b7-8000-9ba4-011c48011c48_15950</parentUuid>
        <visibility>
            <advertise>false</advertise>
            <hierarchy>true</hierarchy>
            <indexable>true</indexable>
            <quota>false</quota>
            <searchable>true</searchable>
            <system>false</system>
            <unlogged>false</unlogged>
        </visibility>
        <definition>{
  #"SYSTEM_SYSRULES_sectionLayout_v1"(
    label: "Welcome to ACME University",
    contents: {
      #"SYSTEM_SYSRULES_columnsLayout"(
        columns: {
          #"SYSTEM_SYSRULES_columnLayout"(
            contents: {
              #"SYSTEM_SYSRULES_textField"(
                label: "Where students learn!",
                labelPosition: "ABOVE",
                saveInto: {},
                refreshAfter: "UNFOCUS",
                readonly: true,
                validations: {}
              ),
              #"SYSTEM_SYSRULES_imageField_v1"(
                label: "",
                labelPosition: "ABOVE",
                images: {
                  #"SYSTEM_SYSRULES_webImage"(
                    source: "https://www.livehappy.com/sites/default/files/styles/article_featured/public/main/articles/College-students.jpg?itok=St65-XZx"
                  )
                },
                size: "FIT",
                isThumbnail: false,
                style: "STANDARD"
              )
            }
          ),
          #"SYSTEM_SYSRULES_columnLayout"(
            contents: {
              #"SYSTEM_SYSRULES_textField"(
                label: "",
                labelPosition: "ABOVE",
                saveInto: {},
                refreshAfter: "UNFOCUS",
                showwhen: true,
                readonly: true,
                validations: {}
              ),
              #"SYSTEM_SYSRULES_textField"(
                label: "",
                labelPosition: "ABOVE",
                saveInto: {},
                refreshAfter: "UNFOCUS",
                readonly: true,
                validations: {}
              ),
              #"SYSTEM_SYSRULES_textField"(
                label: "Our Story",
                labelPosition: "ABOVE",
                saveInto: {},
                refreshAfter: "UNFOCUS",
                readonly: true,
                validations: {}
              ),
              #"SYSTEM_SYSRULES_textField"(
                label: "At ACME University, we are dedicated to making sure every student 
succeeds and learns the necessary skills to thrive in the real world.
Our mission is to deliver a challenging and high-quality educational
experiences to a diverse group of learners. Four colleges offer more 
than 200 areas of study through a core curriculum rooted in a liberal 
arts tradition. Beginning with an innovative first-year student experience,
University of Tampa students explore global issues, examine career 
possibilities, and refine communication and critical thinking skills.
Graduate programs in each college, as well as a continuing studies program 
for adult learners, exemplify the University’s commitment to the 
professions and to the community."

,
                labelPosition: "ABOVE",
                saveInto: {},
                refreshAfter: "UNFOCUS",
                readonly: true,
                validations: {}
              )
            }
          )
        }
      )
    }
  ),
  #"SYSTEM_SYSRULES_sectionLayout_v1"(
    label: "",
    contents: {
      #"SYSTEM_SYSRULES_textField"(
        label: "The University’s 110-acre residential campus in the heart of downtown
Tampa provides an historical and cultural setting for learning both on
and off campus. Valuing the community’s international heritage, the 
University attracts students, faculty, and staff from around the world
with diverse backgrounds to facilitate intercultural awareness and 
understanding."

      ,
        labelPosition: "ABOVE",
        saveInto: {},
        refreshAfter: "UNFOCUS",
        readonly: true,
        validations: {}
      ),
      #"SYSTEM_SYSRULES_textField"(
        label: "The University is committed to the development of each student to 
become a productive and responsible citizen. To this end, the University
ensures that students balance “learning by thinking” with 
“learning by doing.” Students are taught by highly qualified, 
experienced faculty members who are committed to teaching, academic 
advising and continued intellectual growth. Classes are conducted in
personalized settings in which learning is enhanced through application.
Students participate in learning partnerships with faculty and the 
community through independent studies, internships, research, and other
practical experiences that complement classroom learning. The 
University’s academic services and co-curricular activities support 
individual discovery and development and provide leadership opportunitie,
Involvement and participation inside and outside the classroom are valued.
Through complete engagement with the educational environment, 
UT students are prepared for careers, graduate and professional 
education, and lifelong learning.",
        labelPosition: "ABOVE",
        saveInto: {},
        refreshAfter: "UNFOCUS",
        readonly: true,
        validations: {}
      )
    }
  )
}</definition>
        <preferredEditor>interface</preferredEditor>
        <offlineEnabled>false</offlineEnabled>
    </rule>
    <roleMap public="true">
        <role inherit="true" allowForAll="false" name="readers">
            <users/>
            <groups/>
        </role>
        <role inherit="true" allowForAll="false" name="authors">
            <users/>
            <groups/>
        </role>
        <role inherit="true" allowForAll="false" name="administrators">
            <users/>
            <groups/>
        </role>
        <role inherit="false" allowForAll="false" name="denyReaders">
            <users/>
            <groups/>
        </role>
        <role inherit="false" allowForAll="false" name="denyAuthors">
            <users/>
            <groups/>
        </role>
        <role inherit="false" allowForAll="false" name="denyAdministrators">
            <users/>
            <groups/>
        </role>
    </roleMap>
    <history>
        <historyInfo versionUuid="_a-0000e47b-69b7-8000-9ba4-011c48011c48_49173"/>
    </history>
</contentHaul>
