<?xml version="1.0" encoding="UTF-8" standalone="yes"?>
<contentHaul xmlns:a="http://www.appian.com/ae/types/2009">
    <versionUuid>_a-0000e47b-69b7-8000-9ba4-011c48011c48_50067</versionUuid>
    <rule>
        <name>KK_UA_TaskReport</name>
        <uuid>_a-0000e47b-69b7-8000-9ba4-011c48011c48_45756</uuid>
        <description>Interface displaying tasks for current user.</description>
        <parentUuid>_a-0000e47b-69b7-8000-9ba4-011c48011c48_15950</parentUuid>
        <visibility>
            <advertise>false</advertise>
            <hierarchy>true</hierarchy>
            <indexable>true</indexable>
            <quota>false</quota>
            <searchable>true</searchable>
            <system>false</system>
            <unlogged>false</unlogged>
        </visibility>
        <definition>#"SYSTEM_SYSRULES_gridField_v1"(
  label: "My Tasks",
  labelPosition: "ABOVE",
  instructions: "A list of all tasks for the current user",
  data: a!queryProcessAnalytics(
    report: #"_a-0000e47b-69b7-8000-9ba4-011c48011c48_45685",
    query: #"SYSTEM_SYSRULES_query"(
      pagingInfo: fv!pagingInfo
    )
  ),
  columns: {
    #"SYSTEM_SYSRULES_gridColumn"(
      label: "Name",
      sortField: "c0",
      value: #"SYSTEM_SYSRULES_linkField"(
        links: #"SYSTEM_SYSRULES_processTaskLink"(
          label: fv!row.c0,
          task: fv!identifier
        )
      )
    )
  },
  rowHeader: 1
) </definition>
        <preferredEditor>interface</preferredEditor>
        <offlineEnabled>false</offlineEnabled>
    </rule>
    <roleMap public="true">
        <role inherit="true" allowForAll="false" name="readers">
            <users/>
            <groups/>
        </role>
        <role inherit="true" allowForAll="false" name="authors">
            <users/>
            <groups/>
        </role>
        <role inherit="true" allowForAll="false" name="administrators">
            <users/>
            <groups/>
        </role>
        <role inherit="false" allowForAll="false" name="denyReaders">
            <users/>
            <groups/>
        </role>
        <role inherit="false" allowForAll="false" name="denyAuthors">
            <users/>
            <groups/>
        </role>
        <role inherit="false" allowForAll="false" name="denyAdministrators">
            <users/>
            <groups/>
        </role>
    </roleMap>
    <history>
        <historyInfo versionUuid="_a-0000e47b-69b7-8000-9ba4-011c48011c48_50067"/>
    </history>
</contentHaul>
