<?xml version="1.0" encoding="UTF-8" standalone="yes"?>
<contentHaul xmlns:a="http://www.appian.com/ae/types/2009">
    <versionUuid>_a-0000e47b-69b7-8000-9ba4-011c48011c48_22556</versionUuid>
    <decision>
        <name>KK_UA_Regions</name>
        <uuid>c92737be-60b9-4df3-af25-c8a145aaac43</uuid>
        <description>Determine the regions based on States</description>
        <parentUuid>_a-0000e47b-69b7-8000-9ba4-011c48011c48_15944</parentUuid>
        <visibility>
            <advertise>false</advertise>
            <hierarchy>true</hierarchy>
            <indexable>true</indexable>
            <quota>false</quota>
            <searchable>true</searchable>
            <system>false</system>
            <unlogged>false</unlogged>
        </visibility>
        <definition>fn!override_exception_appian_internal(fn!with(local!decisiondefinition: a!decisiondesigner_cache(uuid: "c92737be-60b9-4df3-af25-c8a145aaac43",versionKey: "fcca5bfb-8bfa-4d3e-b737-e1c6a2b688e3",value: #"SYSTEM_SYSRULES_dd_dd"('hitPolicy': #"SYSTEM_SYSRULES_dd_dhp"("UNIQUE"), 'inputs': {#"SYSTEM_SYSRULES_dd_di"('name': "States", 'type': 'type!{http://www.appian.com/ae/types/2009}Text', 'id': 2, 'restrictionType': #"SYSTEM_SYSRULES_dd_dirt"("LOOKUP"), 'restriction': #"SYSTEM_SYSRULES_dd_dirl"('allowedLabels': {}, 'allowedValues': {"Alabama", "Alaska", "American Samoa", "Arizona", "Arkansas", "California", "Colorado", "Connecticut", "Delaware", "Dist. of Columbia", "Florida", "Georgia", "Guam", "Hawaii", "Idaho", "Illinois", "Indiana", "Iowa", "Kansas", "Kentucky", "Louisiana", "Maine", "Marshall Islands", "Maryland", "Massachusetts", "Michigan", "Micronesia", "Military-Americas", "Military-Europe", "Military-Pacific", "Minnesota", "Mississippi", "Missouri", "Montana", "Nebraska", "Nevada", "New Hampshire", "New Jersey", "New Mexico", "New York", "North Carolina", "North Dakota", "Northern Mariana Islands", "Ohio", "Oklahoma", "Oregon", "Palau", "Pennsylvania", "Pacific Islands", "Puerto Rico", "Rhode Island", "South Carolina", "South Dakota", "Tennessee", "Texas", "Utah", "Vermont", "Virgin Islands", "Virginia", "Washington", "West Virginia", "Wisconsin", "Wyoming"}))}, 'outputs': {#"SYSTEM_SYSRULES_dd_do"('id': 1, 'name': "Region", 'type': 'type!{http://www.appian.com/ae/types/2009}Text', 'restrictionType': #"SYSTEM_SYSRULES_dd_dort"("NONE"), 'returnListType': false)}, 'rules': {#"SYSTEM_SYSRULES_dd_dr"('id': 6, 'inputs': {#"SYSTEM_SYSRULES_dd_dri"('id': 10, 'decisionInputId': 2, 'operator': #"SYSTEM_SYSRULES_dd_dop"('operator': #"SYSTEM_SYSRULES_dd_dopt"("IN"), 'value1': {"Alaska", "Arizona", "California", "Colorado", "Hawaii", "Idaho", "Montana", "Nevada", "New Mexico", "Oregon", "Utah", "Washington", "Wyoming"}))}, 'outputs': {#"SYSTEM_SYSRULES_dd_dro"('id': 6, 'decisionOutputId': 1, 'value': "West")}), #"SYSTEM_SYSRULES_dd_dr"('id': 7, 'inputs': {#"SYSTEM_SYSRULES_dd_dri"('id': 11, 'decisionInputId': 2, 'operator': #"SYSTEM_SYSRULES_dd_dop"('operator': #"SYSTEM_SYSRULES_dd_dopt"("IN"), 'value1': {"Illinois", "Indiana", "Iowa", "Kansas", "Michigan", "Minnesota", "Missouri", "Nebraska", "North Dakota", "Ohio", "South Dakota", "Wisconsin"}))}, 'outputs': {#"SYSTEM_SYSRULES_dd_dro"('id': 7, 'decisionOutputId': 1, 'value': "Mid West")}), #"SYSTEM_SYSRULES_dd_dr"('id': 8, 'inputs': {#"SYSTEM_SYSRULES_dd_dri"('id': 12, 'decisionInputId': 2, 'operator': #"SYSTEM_SYSRULES_dd_dop"('operator': #"SYSTEM_SYSRULES_dd_dopt"("IN"), 'value1': {"Alabama", "Arkansas", "Delaware", "Florida", "Georgia", "Kentucky", "Louisiana", "Maryland", "Mississippi", "North Carolina", "Oklahoma", "South Carolina", "Tennessee", "Texas", "Virginia", "West Virginia"}))}, 'outputs': {#"SYSTEM_SYSRULES_dd_dro"('id': 8, 'decisionOutputId': 1, 'value': "South")}), #"SYSTEM_SYSRULES_dd_dr"('id': 9, 'inputs': {#"SYSTEM_SYSRULES_dd_dri"('id': 13, 'decisionInputId': 2, 'operator': #"SYSTEM_SYSRULES_dd_dop"('operator': #"SYSTEM_SYSRULES_dd_dopt"("IN"), 'value1': {"Connecticut", "Maine", "Massachusetts", "New Hampshire", "New Jersey", "New York", "Pennsylvania", "Rhode Island", "Vermont"}))}, 'outputs': {#"SYSTEM_SYSRULES_dd_dro"('id': 9, 'decisionOutputId': 1, 'value': "North East")})}, 'isUnique': true, 'defaultOutputs': {#"SYSTEM_SYSRULES_dd_dro"('id': 1, 'decisionOutputId': 1, 'value': "None")})),#"SYSTEM_SYSRULES_dd_exr"(decisionDefinition:local!decisiondefinition,executionInputs:{#"SYSTEM_SYSRULES_dd_dei"(decisionInputId:2,value:'ri!States')})))</definition>
        <namedTypedValue>
            <name>States</name>
            <type>
                <name>string</name>
                <namespace>http://www.w3.org/2001/XMLSchema</namespace>
            </type>
            <value/>
        </namedTypedValue>
        <preferredEditor>legacy</preferredEditor>
        <offlineEnabled>false</offlineEnabled>
        <inputMetadataList>
            <inputMetadata>
                <inputId>2</inputId>
                <nameRef>States</nameRef>
                <allowedLabelsExpr></allowedLabelsExpr>
                <allowedValuesExpr>#"_a-0000e47b-69b7-8000-9ba4-011c48011c48_17176"</allowedValuesExpr>
            </inputMetadata>
        </inputMetadataList>
        <outputMetadataList>
            <outputMetadata>
                <outputId>1</outputId>
                <nameRef>Region</nameRef>
                <typeName>{http://www.appian.com/ae/types/2009}Text</typeName>
            </outputMetadata>
        </outputMetadataList>
        <hitPolicy>UNIQUE</hitPolicy>
    </decision>
    <roleMap public="true">
        <role inherit="true" allowForAll="false" name="readers">
            <users/>
            <groups/>
        </role>
        <role inherit="true" allowForAll="false" name="authors">
            <users/>
            <groups/>
        </role>
        <role inherit="true" allowForAll="false" name="administrators">
            <users/>
            <groups/>
        </role>
        <role inherit="false" allowForAll="false" name="denyReaders">
            <users/>
            <groups/>
        </role>
        <role inherit="false" allowForAll="false" name="denyAuthors">
            <users/>
            <groups/>
        </role>
        <role inherit="false" allowForAll="false" name="denyAdministrators">
            <users/>
            <groups/>
        </role>
    </roleMap>
    <typedValue>
        <type>
            <name>RuleTestConfig?list</name>
            <namespace>http://www.appian.com/ae/types/2009</namespace>
        </type>
        <value>
            <el>
                <a:name/>
                <a:ruleInputTestConfigs>
                    <a:value xmlns:xsd="http://www.w3.org/2001/XMLSchema" xmlns:xsi="http://www.w3.org/2001/XMLSchema-instance" xsi:type="xsd:string">cons!KK_UA_STATES</a:value>
                    <a:nameRef>States</a:nameRef>
                    <a:id>2</a:id>
                </a:ruleInputTestConfigs>
                <a:assertions xmlns:xsi="http://www.w3.org/2001/XMLSchema-instance" xsi:nil="true"/>
            </el>
        </value>
    </typedValue>
    <history>
        <historyInfo versionUuid="_a-0000e47b-69b7-8000-9ba4-011c48011c48_22556"/>
    </history>
</contentHaul>
