<?xml version="1.0" encoding="UTF-8" standalone="yes"?>
<taskReportHaul xmlns:a="http://www.appian.com/ae/types/2009">
    <versionUuid>c25217ed-a097-4ead-9eb2-ec7306b46337</versionUuid>
    <taskReport a:uuid="fd00e715-66c8-48c0-b8f2-02f9d60b5312" name="KK UA Task Report">
        <a:description>Task report for employee site.</a:description>
        <a:uiExpr>=#"_a-0000e47b-69b7-8000-9ba4-011c48011c48_45756"()</a:uiExpr>
        <a:urlStub>ZZVcBw</a:urlStub>
    </taskReport>
    <roleMap>
        <role name="report_viewer">
            <users/>
            <groups>
                <groupUuid>_e-0000e47b-69b7-8000-9af1-01075c01075c_211</groupUuid>
                <groupUuid>_e-0000e47b-69b7-8000-9af1-01075c01075c_209</groupUuid>
                <groupUuid>_e-0000e47b-69b7-8000-9af1-01075c01075c_207</groupUuid>
            </groups>
        </role>
    </roleMap>
    <history>
        <historyInfo versionUuid="c25217ed-a097-4ead-9eb2-ec7306b46337"/>
    </history>
</taskReportHaul>
