<?xml version="1.0" encoding="UTF-8" standalone="yes"?>
<dataStoreHaul xmlns:a="http://www.appian.com/ae/types/2009">
    <versionUuid>_a-0000e47b-69b7-8000-9ba4-011c48011c48_49678</versionUuid>
    <dataStore>
        <uuid>_a-0000e47b-69b7-8000-9ba4-011c48011c48_16449</uuid>
        <name>KK UA Data Store</name>
        <description>Student Data Store</description>
        <dataSourceKey>jdbc/Appian</dataSourceKey>
        <adaptingExplicitSqlNames>false</adaptingExplicitSqlNames>
        <autoUpdateSchema>true</autoUpdateSchema>
        <entities>
            <entity>
                <uuid>bbb019ac-43af-4000-831a-d399a2d41eb6</uuid>
                <name>KK_UA_StudentApplication</name>
                <type>{urn:com:appian:types}KK_UA_Student</type>
            </entity>
        </entities>
    </dataStore>
    <isPublished>true</isPublished>
    <roleMap>
        <role inherit="false" allowForAll="false" name="administrators">
            <users/>
            <groups>
                <groupUuid>_e-0000e47b-69b7-8000-9af1-01075c01075c_205</groupUuid>
            </groups>
        </role>
        <role inherit="false" allowForAll="false" name="authors">
            <users/>
            <groups/>
        </role>
        <role inherit="false" allowForAll="false" name="denyAdministrators">
            <users/>
            <groups/>
        </role>
        <role inherit="false" allowForAll="false" name="denyAuthors">
            <users/>
            <groups/>
        </role>
        <role inherit="false" allowForAll="false" name="denyReaders">
            <users/>
            <groups/>
        </role>
        <role inherit="false" allowForAll="false" name="readers">
            <users/>
            <groups>
                <groupUuid>_e-0000e47b-69b7-8000-9af1-01075c01075c_203</groupUuid>
            </groups>
        </role>
    </roleMap>
    <history>
        <historyInfo versionUuid="_a-0000e47b-69b7-8000-9ba4-011c48011c48_49678"/>
    </history>
</dataStoreHaul>
