<?xml version="1.0" encoding="UTF-8" standalone="yes"?>
<applicationHaul xmlns:a="http://www.appian.com/ae/types/2009">
    <versionUuid>_a-0000e47b-69b7-8000-9ba4-011c48011c48_48800</versionUuid>
    <application>
        <name>KK UA Application</name>
        <uuid>_a-0000e47b-69b7-8000-9ba4-011c48011c48_15717</uuid>
        <description>Application for university admissions user story.</description>
        <parentUuid>SYSTEM_APPLICATIONS_ROOT</parentUuid>
        <visibility>
            <advertise>false</advertise>
            <hierarchy>true</hierarchy>
            <indexable>true</indexable>
            <quota>false</quota>
            <searchable>true</searchable>
            <system>false</system>
            <unlogged>false</unlogged>
        </visibility>
        <urlIdentifier>vdBvig</urlIdentifier>
        <published>true</published>
        <public>true</public>
        <associatedObjects>
            <globalIdMap>
                <item>
                    <type>datatype</type>
                    <uuids>
                        <uuid>{urn:com:appian:types}KK_UA_Student</uuid>
                    </uuids>
                </item>
                <item>
                    <type>dataStore</type>
                    <uuids>
                        <uuid>_a-0000e47b-69b7-8000-9ba4-011c48011c48_16449</uuid>
                    </uuids>
                </item>
                <item>
                    <type>user</type>
                    <uuids/>
                </item>
                <item>
                    <type>groupType</type>
                    <uuids/>
                </item>
                <item>
                    <type>group</type>
                    <uuids>
                        <uuid>_e-0000e47b-69b7-8000-9af1-01075c01075c_203</uuid>
                        <uuid>_e-0000e47b-69b7-8000-9af1-01075c01075c_205</uuid>
                        <uuid>_e-0000e47b-69b7-8000-9af1-01075c01075c_207</uuid>
                        <uuid>_e-0000e47b-69b7-8000-9af1-01075c01075c_209</uuid>
                        <uuid>_e-0000e47b-69b7-8000-9af1-01075c01075c_211</uuid>
                        <uuid>_e-0000e47b-69b7-8000-9af1-01075c01075c_218</uuid>
                        <uuid>_e-0000e47b-69b7-8000-9af1-01075c01075c_296</uuid>
                        <uuid>_e-0000e47b-69b7-8000-9af1-01075c01075c_298</uuid>
                    </uuids>
                </item>
                <item>
                    <type>content</type>
                    <uuids>
                        <uuid>_a-0000e47b-69b7-8000-9ba4-011c48011c48_15814</uuid>
                        <uuid>_a-0000e47b-69b7-8000-9ba4-011c48011c48_15821</uuid>
                        <uuid>_a-0000e47b-69b7-8000-9ba4-011c48011c48_15894</uuid>
                        <uuid>_a-0000e47b-69b7-8000-9ba4-011c48011c48_15903</uuid>
                        <uuid>_a-0000e47b-69b7-8000-9ba4-011c48011c48_15921</uuid>
                        <uuid>_a-0000e47b-69b7-8000-9ba4-011c48011c48_15927</uuid>
                        <uuid>_a-0000e47b-69b7-8000-9ba4-011c48011c48_15944</uuid>
                        <uuid>_a-0000e47b-69b7-8000-9ba4-011c48011c48_15950</uuid>
                        <uuid>_a-0000e47b-69b7-8000-9ba4-011c48011c48_16288</uuid>
                        <uuid>_a-0000e47b-69b7-8000-9ba4-011c48011c48_16294</uuid>
                        <uuid>_a-0000e47b-69b7-8000-9ba4-011c48011c48_16303</uuid>
                        <uuid>_a-0000e47b-69b7-8000-9ba4-011c48011c48_16309</uuid>
                        <uuid>_a-0000e47b-69b7-8000-9ba4-011c48011c48_16415</uuid>
                        <uuid>_a-0000e47b-69b7-8000-9ba4-011c48011c48_16534</uuid>
                        <uuid>_a-0000e47b-69b7-8000-9ba4-011c48011c48_16585</uuid>
                        <uuid>_a-0000e47b-69b7-8000-9ba4-011c48011c48_16695</uuid>
                        <uuid>_a-0000e47b-69b7-8000-9ba4-011c48011c48_16910</uuid>
                        <uuid>_a-0000e47b-69b7-8000-9ba4-011c48011c48_17176</uuid>
                        <uuid>_a-0000e47b-69b7-8000-9ba4-011c48011c48_17557</uuid>
                        <uuid>_a-0000e47b-69b7-8000-9ba4-011c48011c48_20972</uuid>
                        <uuid>_a-0000e47b-69b7-8000-9ba4-011c48011c48_21094</uuid>
                        <uuid>c92737be-60b9-4df3-af25-c8a145aaac43</uuid>
                        <uuid>_a-0000e47b-69b7-8000-9ba4-011c48011c48_21757</uuid>
                        <uuid>_a-0000e47b-69b7-8000-9ba4-011c48011c48_21763</uuid>
                        <uuid>_a-0000e47b-69b7-8000-9ba4-011c48011c48_22542</uuid>
                        <uuid>_a-0000e47b-69b7-8000-9ba4-011c48011c48_23795</uuid>
                        <uuid>_a-0000e47b-69b7-8000-9ba4-011c48011c48_27457</uuid>
                        <uuid>_a-0000e47b-69b7-8000-9ba4-011c48011c48_28072</uuid>
                        <uuid>_a-0000e47b-69b7-8000-9ba4-011c48011c48_28425</uuid>
                        <uuid>_a-0000e47b-69b7-8000-9ba4-011c48011c48_35446</uuid>
                        <uuid>_a-0000e47b-69b7-8000-9ba4-011c48011c48_35559</uuid>
                        <uuid>_a-0000e47b-69b7-8000-9ba4-011c48011c48_36358</uuid>
                        <uuid>_a-0000e47b-69b7-8000-9ba4-011c48011c48_37004</uuid>
                        <uuid>c7e028fa-7487-4a26-b445-2dc8bc415337</uuid>
                        <uuid>_a-0000e47b-69b7-8000-9ba4-011c48011c48_37929</uuid>
                        <uuid>_a-0000e47b-69b7-8000-9ba4-011c48011c48_38118</uuid>
                        <uuid>_a-0000e47b-69b7-8000-9ba4-011c48011c48_39541</uuid>
                        <uuid>_a-0000e47b-69b7-8000-9ba4-011c48011c48_39577</uuid>
                        <uuid>_a-0000e47b-69b7-8000-9ba4-011c48011c48_41340</uuid>
                        <uuid>_a-0000e47b-69b7-8000-9ba4-011c48011c48_43426</uuid>
                        <uuid>_a-0000e47b-69b7-8000-9ba4-011c48011c48_45685</uuid>
                        <uuid>_a-0000e47b-69b7-8000-9ba4-011c48011c48_45756</uuid>
                        <uuid>_a-0000e47b-69b7-8000-9ba4-011c48011c48_45888</uuid>
                        <uuid>_a-0000e47b-69b7-8000-9ba4-011c48011c48_46145</uuid>
                        <uuid>_a-0000e47b-69b7-8000-9ba4-011c48011c48_48622</uuid>
                        <uuid>_a-0000e47b-69b7-8000-9ba4-011c48011c48_48675</uuid>
                        <uuid>_a-0000e47b-69b7-8000-9ba4-011c48011c48_48737</uuid>
                    </uuids>
                </item>
                <item>
                    <type>forum</type>
                    <uuids/>
                </item>
                <item>
                    <type>processModelFolder</type>
                    <uuids>
                        <uuid>_g-0000e47b-69b7-8000-f931-7f0000014e7a_28</uuid>
                    </uuids>
                </item>
                <item>
                    <type>processModel</type>
                    <uuids>
                        <uuid>0002e480-2979-8000-fbd9-7f0000014e7a</uuid>
                        <uuid>0002e481-03a7-8000-fca1-7f0000014e7a</uuid>
                    </uuids>
                </item>
                <item>
                    <type>portlet</type>
                    <uuids/>
                </item>
                <item>
                    <type>page</type>
                    <uuids/>
                </item>
                <item>
                    <type>application</type>
                    <uuids/>
                </item>
                <item>
                    <type>tempoFeed</type>
                    <uuids>
                        <uuid>6d65cb3a-a3b6-4e9a-aca4-a0fa98c545e2</uuid>
                    </uuids>
                </item>
                <item>
                    <type>recordType</type>
                    <uuids>
                        <uuid>1bfd218a-dd91-4a30-b4ef-e418e3019276</uuid>
                        <uuid>19873218-bb61-44c4-83d8-b5e83f78594a</uuid>
                    </uuids>
                </item>
                <item>
                    <type>tempoReport</type>
                    <uuids>
                        <uuid>bda08c9a-6ee9-4220-a786-fb553dcb363b</uuid>
                        <uuid>f909f0ad-2353-4bde-8a58-d66ad9fce130</uuid>
                    </uuids>
                </item>
                <item>
                    <type>taskReport</type>
                    <uuids>
                        <uuid>fd00e715-66c8-48c0-b8f2-02f9d60b5312</uuid>
                    </uuids>
                </item>
                <item>
                    <type>webApi</type>
                    <uuids/>
                </item>
                <item>
                    <type>site</type>
                    <uuids>
                        <uuid>e8cad6e4-0fc9-4383-a83d-a61522cd0fd5</uuid>
                        <uuid>eb0fde90-204f-4a13-9e30-e8d6b44851b6</uuid>
                    </uuids>
                </item>
                <item>
                    <type>adminSetting</type>
                    <uuids/>
                </item>
                <item>
                    <type>thirdPartyCredentials</type>
                    <uuids/>
                </item>
                <item>
                    <type>dataSource</type>
                    <uuids/>
                </item>
                <item>
                    <type>embeddedSailTheme</type>
                    <uuids/>
                </item>
                <item>
                    <type>connectedSystem</type>
                    <uuids/>
                </item>
            </globalIdMap>
        </associatedObjects>
        <applicationNavigation/>
        <applicationActions>
            <action>
                <displayLabel>KK_UA_StudentAcceptanceForm</displayLabel>
                <description>Process Model for Student to accept or reject admission</description>
                <processModelUuid>0002e480-2979-8000-fbd9-7f0000014e7a</processModelUuid>
                <actionUuid>88cea1b4-0958-46e8-ad22-6799103f125a</actionUuid>
            </action>
            <action>
                <displayLabel>KK UA Student Application</displayLabel>
                <description>Student Application Form</description>
                <processModelUuid>0002e481-03a7-8000-fca1-7f0000014e7a</processModelUuid>
                <actionUuid>54cc5066-9b21-4e56-ac62-0d9a8a9a68c8</actionUuid>
            </action>
        </applicationActions>
        <associatedApplications>
            <globalIdMap>
                <item>
                    <type>datatype</type>
                    <uuids/>
                </item>
                <item>
                    <type>dataStore</type>
                    <uuids/>
                </item>
                <item>
                    <type>user</type>
                    <uuids/>
                </item>
                <item>
                    <type>groupType</type>
                    <uuids/>
                </item>
                <item>
                    <type>group</type>
                    <uuids/>
                </item>
                <item>
                    <type>content</type>
                    <uuids/>
                </item>
                <item>
                    <type>forum</type>
                    <uuids/>
                </item>
                <item>
                    <type>processModelFolder</type>
                    <uuids/>
                </item>
                <item>
                    <type>processModel</type>
                    <uuids/>
                </item>
                <item>
                    <type>portlet</type>
                    <uuids/>
                </item>
                <item>
                    <type>page</type>
                    <uuids/>
                </item>
                <item>
                    <type>application</type>
                    <uuids/>
                </item>
                <item>
                    <type>tempoFeed</type>
                    <uuids/>
                </item>
                <item>
                    <type>recordType</type>
                    <uuids/>
                </item>
                <item>
                    <type>tempoReport</type>
                    <uuids/>
                </item>
                <item>
                    <type>taskReport</type>
                    <uuids/>
                </item>
                <item>
                    <type>webApi</type>
                    <uuids/>
                </item>
                <item>
                    <type>site</type>
                    <uuids/>
                </item>
                <item>
                    <type>adminSetting</type>
                    <uuids/>
                </item>
                <item>
                    <type>thirdPartyCredentials</type>
                    <uuids/>
                </item>
                <item>
                    <type>dataSource</type>
                    <uuids/>
                </item>
                <item>
                    <type>embeddedSailTheme</type>
                    <uuids/>
                </item>
                <item>
                    <type>connectedSystem</type>
                    <uuids/>
                </item>
            </globalIdMap>
        </associatedApplications>
    </application>
    <roleMap>
        <contentRoleMap public="true">
            <role inherit="false" allowForAll="true" name="readers">
                <users/>
                <groups/>
            </role>
            <role inherit="false" allowForAll="false" name="authors">
                <users/>
                <groups/>
            </role>
            <role inherit="false" allowForAll="false" name="administrators">
                <users/>
                <groups/>
            </role>
            <role inherit="false" allowForAll="false" name="denyReaders">
                <users/>
                <groups/>
            </role>
            <role inherit="false" allowForAll="false" name="denyAuthors">
                <users/>
                <groups/>
            </role>
            <role inherit="false" allowForAll="false" name="denyAdministrators">
                <users/>
                <groups/>
            </role>
        </contentRoleMap>
    </roleMap>
    <history>
        <historyInfo versionUuid="_a-0000e47b-69b7-8000-9ba4-011c48011c48_48800"/>
    </history>
</applicationHaul>
