<?xml version="1.0" encoding="UTF-8" standalone="yes"?>
<tempoFeedHaul xmlns:a="http://www.appian.com/ae/types/2009">
    <versionUuid>39afde5a-05b6-460b-81e8-7a45bf05a2b0</versionUuid>
    <tempoFeed>
        <uuid>6d65cb3a-a3b6-4e9a-aca4-a0fa98c545e2</uuid>
        <name>KK UA Feed</name>
        <description>Feed for UA App</description>
        <showInCatalog>true</showInCatalog>
        <systemFeed>false</systemFeed>
    </tempoFeed>
    <roleMap>
        <role name="administrator">
            <users/>
            <groups>
                <groupUuid>_e-0000e47b-69b7-8000-9af1-01075c01075c_205</groupUuid>
            </groups>
        </role>
        <role name="editor">
            <users/>
            <groups>
                <groupUuid>_e-0000e47b-69b7-8000-9af1-01075c01075c_211</groupUuid>
                <groupUuid>_e-0000e47b-69b7-8000-9af1-01075c01075c_209</groupUuid>
                <groupUuid>_e-0000e47b-69b7-8000-9af1-01075c01075c_207</groupUuid>
            </groups>
        </role>
    </roleMap>
    <history>
        <historyInfo versionUuid="39afde5a-05b6-460b-81e8-7a45bf05a2b0"/>
    </history>
</tempoFeedHaul>
