<?xml version="1.0" encoding="UTF-8"?>
<recordTypeHaul xmlns:a="http://www.appian.com/ae/types/2009" xmlns:xsi="http://www.w3.org/2001/XMLSchema-instance">
  <versionUuid>11671770-2297-450e-902b-a0e113187f0e</versionUuid>
  <recordType a:uuid="19873218-bb61-44c4-83d8-b5e83f78594a" name="KK UA Application View">
    <a:pluralName>KK UA Application View</a:pluralName>
    <a:description>Record Type for student to view their application</a:description>
    <a:urlStub>6BeNVw</a:urlStub>
    <a:source
      a:uuid="bbb019ac-43af-4000-831a-d399a2d41eb6@_a-0000e47b-69b7-8000-9ba4-011c48011c48_16449" xsi:type="a:DataStoreEntity"/>
    <a:listViewTemplateExpr>#"SYSTEM_SYSRULES_listViewItem"(
  title : "View Application",
  details: rf!applicationStatus,
  image: "square"
)</a:listViewTemplateExpr>
    <a:detailViewCfg>
      <a:nameExpr>="Summary"</a:nameExpr>
      <a:uiExpr>#"_a-0000e47b-69b7-8000-9ba4-011c48011c48_28425"(#"_a-0000e47b-69b7-8000-9ba4-011c48011c48_20972"(rf!studentId)
)</a:uiExpr>
      <a:visibilityExpr>=true()</a:visibilityExpr>
      <a:urlStub>summary</a:urlStub>
      <a:headerExpr/>
      <a:relatedActionCfg>f753e25a-a379-48a3-b7ca-7eded859620c</a:relatedActionCfg>
      <a:relatedActionCfg>79d9fc03-cefc-4f06-8cd9-28fbd43669c3</a:relatedActionCfg>
      <a:relatedActionCfg>f640d59f-a9e9-4b20-8ae8-4954a8f75c74</a:relatedActionCfg>
      <a:recordActionLaunchType>NEW_TAB</a:recordActionLaunchType>
    </a:detailViewCfg>
    <a:defaultSortInfo>
      <field>dateStarted</field>
      <ascending>false</ascending>
    </a:defaultSortInfo>
    <a:relatedActionCfg a:uuid="38e84d30-0d6a-4f21-b61d-d8ae83258ce7">
      <a:target a:uuid="0002e480-2979-8000-fbd9-7f0000014e7a" xsi:type="a:ProcessModel"/>
      <a:contextExpr>{
  KK_UA_Student: #"_a-0000e47b-69b7-8000-9ba4-011c48011c48_20972"(rf!studentId) /* KK_UA_Student */
}</a:contextExpr>
      <a:visibilityExpr>if(isnull(rf!studentDecision),
  if(rf!applicationStatus="Approved",
true(),
false()),false())</a:visibilityExpr>
      <a:iconId>f0a4</a:iconId>
      <a:refId>79d9fc03-cefc-4f06-8cd9-28fbd43669c3</a:refId>
      <a:staticTitleString>Accept / Reject Admission</a:staticTitleString>
      <a:staticDescriptionString>Accept / Reject Admission</a:staticDescriptionString>
      <a:referenceKey>update</a:referenceKey>
    </a:relatedActionCfg>
    <a:relatedActionCfg a:uuid="c9c8208b-0456-40cf-961c-777f7b39c985">
      <a:target a:uuid="0002e481-03a7-8000-fca1-7f0000014e7a" xsi:type="a:ProcessModel"/>
      <a:contextExpr>{
  cancel: null, /* Boolean */
  student: #"_a-0000e47b-69b7-8000-9ba4-011c48011c48_20972"(rf!studentId) /* KK_UA_Student */
}</a:contextExpr>
      <a:visibilityExpr>if(rf!applicationStatus="Started",
true(),
false())</a:visibilityExpr>
      <a:iconId>f040</a:iconId>
      <a:refId>f640d59f-a9e9-4b20-8ae8-4954a8f75c74</a:refId>
      <a:staticTitleString>Complete Saved Application</a:staticTitleString>
      <a:staticDescriptionString>Complete your saved application</a:staticDescriptionString>
      <a:referenceKey>completeSavedApplication</a:referenceKey>
    </a:relatedActionCfg>
    <a:relatedActionCfg a:uuid="784823fd-8e32-41e4-8e2a-7f0f4d70db8a">
      <a:target a:uuid="0002e481-03a7-8000-fca1-7f0000014e7a" xsi:type="a:ProcessModel"/>
      <a:contextExpr>{
  student: null, /* KK_UA_Student */
  cancel: null /* Boolean */
}</a:contextExpr>
      <a:visibilityExpr>=true()</a:visibilityExpr>
      <a:iconId>f1d8</a:iconId>
      <a:refId>f753e25a-a379-48a3-b7ca-7eded859620c</a:refId>
      <a:staticTitleString>Start New Application</a:staticTitleString>
      <a:staticDescriptionString>Start new application</a:staticDescriptionString>
      <a:referenceKey>startNewApplication</a:referenceKey>
    </a:relatedActionCfg>
    <a:isSystem>false</a:isSystem>
    <a:dataSrcExpr/>
    <a:facetsListExpr/>
    <a:titleExpr/>
    <a:defaultFiltersExpr>#"SYSTEM_SYSRULES_queryLogicalExpression"(
  operator: "AND",
  logicalExpressions: {
    #"SYSTEM_SYSRULES_queryLogicalExpression"(
      operator: "AND",
      filters: #"SYSTEM_SYSRULES_queryFilter"(
        field: "email", 
        operator: "=", 
        value: user(loggedInUser(),"email"))
    )


  }
)</a:defaultFiltersExpr>
    <a:layoutType>FEED</a:layoutType>
    <a:security>16383</a:security>
    <a:hideLatestNews>false</a:hideLatestNews>
    <a:isExportable>false</a:isExportable>
    <a:listViewSrcExpr/>
    <a:recordViewSrcExpr/>
    <a:iconId>f21d</a:iconId>
    <a:staticIconColor>#e69138</a:staticIconColor>
    <a:listAutoRefreshInterval>0.0</a:listAutoRefreshInterval>
    <a:enabledFeatures>15</a:enabledFeatures>
    <a:isVisibleInRecordTypeList>false</a:isVisibleInRecordTypeList>
    <a:recordActionLaunchType>DIALOG</a:recordActionLaunchType>
  </recordType>
  <roleMap>
    <role name="record_type_administrator">
      <users/>
      <groups>
        <groupUuid>_e-0000e47b-69b7-8000-9af1-01075c01075c_205</groupUuid>
      </groups>
    </role>
    <role name="record_type_editor">
      <users/>
      <groups>
        <groupUuid>_e-0000e47b-69b7-8000-9af1-01075c01075c_218</groupUuid>
      </groups>
    </role>
  </roleMap>
  <history>
    <historyInfo versionUuid="11671770-2297-450e-902b-a0e113187f0e"/>
  </history>
  <migrationVersion>1</migrationVersion>
</recordTypeHaul>
