<?xml version="1.0" encoding="UTF-8"?>
<recordTypeHaul xmlns:a="http://www.appian.com/ae/types/2009" xmlns:xsi="http://www.w3.org/2001/XMLSchema-instance">
  <versionUuid>925580fc-9700-416b-8b7b-7b1f154621c1</versionUuid>
  <recordType a:uuid="1bfd218a-dd91-4a30-b4ef-e418e3019276" name="KK UA Student Admissions">
    <a:pluralName>KK UA Student Admissions</a:pluralName>
    <a:description>Contains list of students who have applied for the university</a:description>
    <a:urlStub>o_gBkA</a:urlStub>
    <a:source
      a:uuid="bbb019ac-43af-4000-831a-d399a2d41eb6@_a-0000e47b-69b7-8000-9ba4-011c48011c48_16449" xsi:type="a:DataStoreEntity"/>
    <a:listViewTemplateExpr>#"SYSTEM_SYSRULES_recordGridLayoutColumns"(
  columns: {
    #"SYSTEM_SYSRULES_gridLayoutColumn"(
      label: "Student Full Name",
      field: "firstName",
      align: "CENTER",
      component: #"SYSTEM_SYSRULES_recordGrid_linkField"(
        links: #"SYSTEM_SYSRULES_recordLink"(
          label: rf!firstName &amp; " " &amp; rf!middleName &amp; " " &amp; rf!lastName,
          recordType: rp!type,
          identifier: rp!id
        ),
        align: "CENTER"
      )
    ),
    #"SYSTEM_SYSRULES_gridLayoutColumn"(
      label: "Term",
      width: "DISTRIBUTE",
      field: "term",
      align: "CENTER",
      component: #"SYSTEM_SYSRULES_recordGrid_textField"(
        displayvalue: rf!term,
        align: "CENTER"
      )
    ),
    #"SYSTEM_SYSRULES_gridLayoutColumn"(
      label: "Major",
      width: "DISTRIBUTE",
      field: "major",
      align: "CENTER",
      component: #"SYSTEM_SYSRULES_recordGrid_textField"(
        displayvalue: rf!major,
        align: "CENTER"
      )
    ),
    #"SYSTEM_SYSRULES_gridLayoutColumn"(
      label: "Region",
      width: "DISTRIBUTE",
      field: "region",
      align: "CENTER",
      component: #"SYSTEM_SYSRULES_recordGrid_textField"(
        displayvalue: rf!region,
        align: "CENTER"
      )
    ),
    #"SYSTEM_SYSRULES_gridLayoutColumn"(
      label: "Sat Score",
      field: "satScore",
      align: "CENTER",
      component: #"SYSTEM_SYSRULES_recordGrid_integerField"(
        displayValue: rf!satScore,
        align: "CENTER"
      )
    ),
    #"SYSTEM_SYSRULES_gridLayoutColumn"(
      label: "Gpa",
      field: "gpa",
      align: "CENTER",
      component: #"SYSTEM_SYSRULES_recordGrid_floatingPointField"(
        displayValue: rf!gpa,
        align: "CENTER"
      )
    ),
    #"SYSTEM_SYSRULES_gridLayoutColumn"(
      label: "Legacy Student",
      width: "DISTRIBUTE",
      field: "legacyStatus",
      align: "CENTER",
      component: #"SYSTEM_SYSRULES_recordGrid_richTextDisplayField"(
        align: "CENTER",
        value: #"SYSTEM_SYSRULES_richTextIcon"(
          icon: icon : if(
            rf!legacyStatus,
            "check-square-o",
            "minus"
          ),
          color: if(
            rf!legacyStatus,
            "POSITIVE",
            "NEGATIVE"
          )
        )
      )
    ),
    #"SYSTEM_SYSRULES_gridLayoutColumn"(
      label: "Previously Applied",
      width: "DISTRIBUTE",
      field: "previouslyApplied",
      align: "CENTER",
      component: #"SYSTEM_SYSRULES_recordGrid_richTextDisplayField"(
        align: "CENTER",
        value: #"SYSTEM_SYSRULES_richTextIcon"(
          icon : if(
            rf!previouslyApplied,
            "check",
            ""
          )
        )
      )
    ),
    #"SYSTEM_SYSRULES_gridLayoutColumn"(
      label: "Application Status",
      width: "DISTRIBUTE",
      field: "applicationStatus",
      align: "CENTER",
      component: #"SYSTEM_SYSRULES_recordGrid_textField"(
        displayvalue: rf!applicationStatus,
        align: "CENTER"
      )
    )
  },
  pageSize: 50,
  defaultSort: #"SYSTEM_SYSRULES_sortInfo"(
    field: "firstName",
    ascending: fn!true()
  ),
  shadeAlternateRows: true
)</a:listViewTemplateExpr>
    <a:fieldCfg a:uuid="9597e046-4aa4-487d-8871-5475bfb14f1b" name="Legacy Student">
      <a:description/>
      <a:sourceRef>legacyStatus</a:sourceRef>
      <a:isSortable>false</a:isSortable>
      <a:isSearchable>false</a:isSearchable>
      <a:isFacet>true</a:isFacet>
      <a:facetType>CUSTOM_BUCKETS_CLOSED</a:facetType>
      <a:isExclusiveFacet>true</a:isExclusiveFacet>
      <a:facetLabelExpr>"Legacy Student"</a:facetLabelExpr>
      <a:facetOption>
        <a:labelExpr>"Legacy"</a:labelExpr>
        <a:facetOperator>IN</a:facetOperator>
        <a:lowerLimitExpr/>
        <a:upperLimitExpr/>
        <a:values>true()</a:values>
      </a:facetOption>
      <a:facetOption>
        <a:labelExpr>"Regular"</a:labelExpr>
        <a:facetOperator>IN</a:facetOperator>
        <a:lowerLimitExpr/>
        <a:upperLimitExpr/>
        <a:values>false()</a:values>
      </a:facetOption>
      <a:sortOrderIndex>0</a:sortOrderIndex>
      <a:facetOrderIndex>0</a:facetOrderIndex>
      <a:visibilityExpr/>
      <a:defaultOptionExpr/>
      <a:allowMultipleSelections>true</a:allowMultipleSelections>
    </a:fieldCfg>
    <a:fieldCfg a:uuid="65cb78df-dae6-424d-baf0-8fa529d85138" name="Term">
      <a:isSortable>false</a:isSortable>
      <a:isSearchable>false</a:isSearchable>
      <a:isFacet>true</a:isFacet>
      <a:facetType>EXPRESSION</a:facetType>
      <a:isExclusiveFacet>true</a:isExclusiveFacet>
      <a:facetExpr>#"SYSTEM_SYSRULES_recordFilterList"(
  name: "Term",
  options : #"SYSTEM_SYSRULES_forEach"(
    items : #"_a-0000e47b-69b7-8000-9ba4-011c48011c48_16309",
    expression: #"SYSTEM_SYSRULES_recordFilterListOption"(
      id : fv!index,
      name: fv!item,
      filter: #"SYSTEM_SYSRULES_queryFilter"(
        field:"term",
        operator: "=",
        value : fv!item
      )
    ))
)</a:facetExpr>
      <a:sortOrderIndex>1</a:sortOrderIndex>
      <a:facetOrderIndex>1</a:facetOrderIndex>
      <a:visibilityExpr/>
      <a:defaultOptionExpr/>
      <a:allowMultipleSelections>true</a:allowMultipleSelections>
    </a:fieldCfg>
    <a:fieldCfg a:uuid="0d46298a-0cdc-415b-9208-c4c3d4574765" name="Major">
      <a:isSortable>false</a:isSortable>
      <a:isSearchable>false</a:isSearchable>
      <a:isFacet>true</a:isFacet>
      <a:facetType>EXPRESSION</a:facetType>
      <a:isExclusiveFacet>true</a:isExclusiveFacet>
      <a:facetExpr>#"SYSTEM_SYSRULES_recordFilterList"(
  name: "Major",
  options : #"SYSTEM_SYSRULES_forEach"(
    items : #"_a-0000e47b-69b7-8000-9ba4-011c48011c48_16303",
    expression: #"SYSTEM_SYSRULES_recordFilterListOption"(
      id : fv!index,
      name: fv!item,
      filter: #"SYSTEM_SYSRULES_queryFilter"(
        field:"major",
        operator: "=",
        value : fv!item
      )
    ))
)</a:facetExpr>
      <a:sortOrderIndex>2</a:sortOrderIndex>
      <a:facetOrderIndex>2</a:facetOrderIndex>
      <a:visibilityExpr/>
      <a:defaultOptionExpr/>
      <a:allowMultipleSelections>true</a:allowMultipleSelections>
    </a:fieldCfg>
    <a:fieldCfg a:uuid="b333878b-c49b-4dc1-bdab-6dd77924e93d" name="Application Status">
      <a:isSortable>false</a:isSortable>
      <a:isSearchable>false</a:isSearchable>
      <a:isFacet>true</a:isFacet>
      <a:facetType>EXPRESSION</a:facetType>
      <a:isExclusiveFacet>true</a:isExclusiveFacet>
      <a:facetExpr>#"SYSTEM_SYSRULES_recordFilterList"(
  name: "Application Status",
  options : #"SYSTEM_SYSRULES_forEach"(
    items : #"_a-0000e47b-69b7-8000-9ba4-011c48011c48_16415",
    expression: #"SYSTEM_SYSRULES_recordFilterListOption"(
      id : fv!index,
      name: fv!item,
      filter: #"SYSTEM_SYSRULES_queryFilter"(
        field:"applicationStatus",
        operator: "=",
        value : fv!item
      )
    ))
)</a:facetExpr>
      <a:sortOrderIndex>3</a:sortOrderIndex>
      <a:facetOrderIndex>3</a:facetOrderIndex>
      <a:visibilityExpr/>
      <a:defaultOptionExpr/>
      <a:allowMultipleSelections>true</a:allowMultipleSelections>
    </a:fieldCfg>
    <a:detailViewCfg>
      <a:nameExpr>="Summary"</a:nameExpr>
      <a:uiExpr>#"_a-0000e47b-69b7-8000-9ba4-011c48011c48_28425"(#"_a-0000e47b-69b7-8000-9ba4-011c48011c48_20972"(rf!studentId)
)</a:uiExpr>
      <a:visibilityExpr>=true()</a:visibilityExpr>
      <a:urlStub>summary</a:urlStub>
      <a:headerExpr/>
      <a:relatedActionCfg>822a5b07-ad12-4392-8bf5-c0e02d15a5e0</a:relatedActionCfg>
      <a:relatedActionCfg>3c4d3d82-3660-4794-8170-5e6cb04c0920</a:relatedActionCfg>
      <a:recordActionLaunchType>SAME_TAB</a:recordActionLaunchType>
      <a:detailViewHeaderCfg>
        <a:headerTypeByte>1</a:headerTypeByte>
      </a:detailViewHeaderCfg>
    </a:detailViewCfg>
    <a:relatedActionCfg a:uuid="15562b66-6d0a-4e08-b361-a108a9ae107b">
      <a:target a:uuid="0002e480-2979-8000-fbd9-7f0000014e7a" xsi:type="a:ProcessModel"/>
      <a:contextExpr>{
  KK_UA_Student: #"_a-0000e47b-69b7-8000-9ba4-011c48011c48_20972"(rf!studentId) /* KK_UA_Student */
}</a:contextExpr>
      <a:visibilityExpr>
if(rf!applicationStatus="Approved",
true(),
false()),false()</a:visibilityExpr>
      <a:iconId>f045</a:iconId>
      <a:refId>822a5b07-ad12-4392-8bf5-c0e02d15a5e0</a:refId>
      <a:staticTitleString>Edit Student's Decision </a:staticTitleString>
      <a:staticDescriptionString>Update Student Decision, if they are informing staffers by email</a:staticDescriptionString>
      <a:referenceKey>update</a:referenceKey>
    </a:relatedActionCfg>
    <a:relatedActionCfg a:uuid="80f2f1b6-485d-4d3f-9928-930d48449010">
      <a:target a:uuid="0002e481-03a7-8000-fca1-7f0000014e7a" xsi:type="a:ProcessModel"/>
      <a:contextExpr>{
  cancel: null, /* Boolean */
  student: #"_a-0000e47b-69b7-8000-9ba4-011c48011c48_20972"(rf!studentId) /* KK_UA_Student */
}</a:contextExpr>
      <a:visibilityExpr>=false()</a:visibilityExpr>
      <a:iconId>f040</a:iconId>
      <a:refId>3c4d3d82-3660-4794-8170-5e6cb04c0920</a:refId>
      <a:staticTitleString>Edit Student Application Form</a:staticTitleString>
      <a:staticDescriptionString>Edit Form with the missing details provided by students</a:staticDescriptionString>
      <a:referenceKey>editStudentApplicationForm</a:referenceKey>
    </a:relatedActionCfg>
    <a:isSystem>false</a:isSystem>
    <a:dataSrcExpr/>
    <a:facetsListExpr/>
    <a:titleExpr>rf!firstName &amp;" "&amp;rf!lastName</a:titleExpr>
    <a:defaultFiltersExpr>if(isusermemberofgroup(loggedInUser(),#"_a-0000e47b-69b7-8000-9ba4-011c48011c48_35559"),
#"SYSTEM_SYSRULES_queryLogicalExpression"(
  operator: "AND",
  filters: {
    #"SYSTEM_SYSRULES_queryFilter"(field: "region", operator: "=", value: #"c7e028fa-7487-4a26-b445-2dc8bc415337"(groupnumber: #"_a-0000e47b-69b7-8000-9ba4-011c48011c48_35559"))

  }
),{}
)</a:defaultFiltersExpr>
    <a:layoutType>GRID</a:layoutType>
    <a:security>16383</a:security>
    <a:hideLatestNews>false</a:hideLatestNews>
    <a:isExportable>false</a:isExportable>
    <a:listViewSrcExpr/>
    <a:recordViewSrcExpr/>
    <a:iconId>f02d</a:iconId>
    <a:staticIconColor>#f1c232</a:staticIconColor>
    <a:listAutoRefreshInterval>0.0</a:listAutoRefreshInterval>
    <a:enabledFeatures>15</a:enabledFeatures>
    <a:isVisibleInRecordTypeList>true</a:isVisibleInRecordTypeList>
    <a:recordActionLaunchType>DIALOG</a:recordActionLaunchType>
  </recordType>
  <roleMap>
    <role name="record_type_administrator">
      <users/>
      <groups>
        <groupUuid>_e-0000e47b-69b7-8000-9af1-01075c01075c_205</groupUuid>
      </groups>
    </role>
    <role name="record_type_viewer">
      <users/>
      <groups>
        <groupUuid>_e-0000e47b-69b7-8000-9af1-01075c01075c_203</groupUuid>
      </groups>
    </role>
  </roleMap>
  <history>
    <historyInfo versionUuid="925580fc-9700-416b-8b7b-7b1f154621c1"/>
  </history>
  <migrationVersion>1</migrationVersion>
</recordTypeHaul>
