<?xml version="1.0" encoding="UTF-8" standalone="yes"?>
<tempoReportHaul xmlns:a="http://www.appian.com/ae/types/2009">
    <versionUuid>7633d86c-d3dd-4d6c-a4c6-bab6caad591e</versionUuid>
    <tempoReport a:uuid="bda08c9a-6ee9-4220-a786-fb553dcb363b" name="KK UA Student Report">
        <a:description>Report including all charts on student information.</a:description>
        <a:uiExpr>=#"_a-0000e47b-69b7-8000-9ba4-011c48011c48_39577"()</a:uiExpr>
        <a:urlStub>aT8w_Q</a:urlStub>
    </tempoReport>
    <roleMap>
        <role name="report_viewer">
            <users/>
            <groups>
                <groupUuid>_e-0000e47b-69b7-8000-9af1-01075c01075c_203</groupUuid>
            </groups>
        </role>
    </roleMap>
    <history>
        <historyInfo versionUuid="7633d86c-d3dd-4d6c-a4c6-bab6caad591e"/>
    </history>
</tempoReportHaul>
