<?xml version="1.0" encoding="UTF-8" standalone="yes"?>
<tempoReportHaul xmlns:a="http://www.appian.com/ae/types/2009">
    <versionUuid>527e8e0a-f8c3-4ef2-9e3b-34a568e939f3</versionUuid>
    <tempoReport a:uuid="f909f0ad-2353-4bde-8a58-d66ad9fce130" name="KK UA Dashboard">
        <a:description>Dashboard for the student and employee sites.</a:description>
        <a:uiExpr>=#"_a-0000e47b-69b7-8000-9ba4-011c48011c48_48622"()</a:uiExpr>
        <a:urlStub>9Oskkw</a:urlStub>
    </tempoReport>
    <roleMap>
        <role name="report_viewer">
            <users/>
            <groups>
                <groupUuid>_e-0000e47b-69b7-8000-9af1-01075c01075c_203</groupUuid>
            </groups>
        </role>
    </roleMap>
    <history>
        <historyInfo versionUuid="527e8e0a-f8c3-4ef2-9e3b-34a568e939f3"/>
    </history>
</tempoReportHaul>
