<?xml version="1.0" encoding="UTF-8"?>
<siteHaul xmlns:a="http://www.appian.com/ae/types/2009" xmlns:xsi="http://www.w3.org/2001/XMLSchema-instance">
  <versionUuid>52fe4493-c69d-456b-9477-6f1daa2e6beb</versionUuid>
  <site a:uuid="e8cad6e4-0fc9-4383-a83d-a61522cd0fd5" name="KK UA Employee Site">
    <description>Website for student admissions</description>
    <urlStub>kk-ua-acme-university</urlStub>
    <page>
      <staticName>Student Records</staticName>
      <description/>
      <urlStub>student-records</urlStub>
      <uiObject a:uuid="1bfd218a-dd91-4a30-b4ef-e418e3019276" xsi:type="a:RecordType">
        <a:isSystem>false</a:isSystem>
        <a:security>16383</a:security>
        <a:hideLatestNews>false</a:hideLatestNews>
        <a:isExportable>true</a:isExportable>
        <a:listAutoRefreshInterval>0.0</a:listAutoRefreshInterval>
        <a:enabledFeatures>0</a:enabledFeatures>
        <a:isVisibleInRecordTypeList>true</a:isVisibleInRecordTypeList>
      </uiObject>
      <iconId>f033</iconId>
      <visibilityExpr>fn!true()</visibilityExpr>
      <pageWidth>STANDARD</pageWidth>
    </page>
    <page>
      <staticName>Student Reports</staticName>
      <description/>
      <urlStub>student-reports</urlStub>
      <uiObject a:uuid="bda08c9a-6ee9-4220-a786-fb553dcb363b" xsi:type="a:TempoReport"/>
      <iconId>f080</iconId>
      <visibilityExpr>fn!true()</visibilityExpr>
      <pageWidth>STANDARD</pageWidth>
    </page>
    <page>
      <staticName>My Tasks</staticName>
      <description/>
      <urlStub>my-tasks</urlStub>
      <uiObject a:uuid="fd00e715-66c8-48c0-b8f2-02f9d60b5312" xsi:type="a:TaskReport"/>
      <iconId>f0ae</iconId>
      <visibilityExpr>fn!true()</visibilityExpr>
      <pageWidth>STANDARD</pageWidth>
    </page>
    <visibility>268435456</visibility>
    <headerBackgroundColor>#990000</headerBackgroundColor>
    <selectedTabBackgroundColor>#20124d</selectedTabBackgroundColor>
    <faviconRef a:uuid="SYSTEM_CONTENT_SITES_DEFAULT_FAVICON" xsi:type="a:CollaborationDocument"/>
    <faviconHref/>
    <logoRef a:uuid="_a-0000e47b-69b7-8000-9ba4-011c48011c48_41340" xsi:type="a:CollaborationDocument"/>
    <logoHref/>
    <headerBackgroundColorExpr/>
    <selectedTabBackgroundColorExpr/>
    <accentColor>#0000ff</accentColor>
    <accentColorExpr/>
    <logoExpr/>
    <faviconExpr/>
    <showName>false</showName>
    <tempoLinkVisibility>EVERYONE</tempoLinkVisibility>
    <showRecordNews>true</showRecordNews>
    <tasksInSitesVisibility>HIDDEN</tasksInSitesVisibility>
    <staticLogoAltText>Where students learn!</staticLogoAltText>
    <isSystem>false</isSystem>
  </site>
  <roleMap>
    <role name="site_administrator">
      <users/>
      <groups>
        <groupUuid>_e-0000e47b-69b7-8000-9af1-01075c01075c_205</groupUuid>
      </groups>
    </role>
    <role name="site_viewer">
      <users/>
      <groups>
        <groupUuid>_e-0000e47b-69b7-8000-9af1-01075c01075c_211</groupUuid>
        <groupUuid>_e-0000e47b-69b7-8000-9af1-01075c01075c_209</groupUuid>
      </groups>
    </role>
    <role name="site_editor">
      <users/>
      <groups>
        <groupUuid>_e-0000e47b-69b7-8000-9af1-01075c01075c_207</groupUuid>
      </groups>
    </role>
  </roleMap>
  <history>
    <historyInfo versionUuid="6685097f-2082-48d7-8238-bf236901c282"/>
    <historyInfo versionUuid="52fe4493-c69d-456b-9477-6f1daa2e6beb"/>
  </history>
</siteHaul>
