<?xml version="1.0" encoding="UTF-8"?>
<siteHaul xmlns:a="http://www.appian.com/ae/types/2009" xmlns:xsi="http://www.w3.org/2001/XMLSchema-instance">
  <versionUuid>a50882f1-5d91-4095-acba-8a7c384d1729</versionUuid>
  <site a:uuid="eb0fde90-204f-4a13-9e30-e8d6b44851b6" name="KK UA Student Site">
    <description>Site for students to start, save or submit their applications.</description>
    <urlStub>kk-ua-student-admissions</urlStub>
    <page>
      <staticName>Dashboard</staticName>
      <description/>
      <urlStub>dashboard</urlStub>
      <uiObject a:uuid="f909f0ad-2353-4bde-8a58-d66ad9fce130" xsi:type="a:TempoReport"/>
      <iconId>f015</iconId>
      <visibilityExpr>fn!true()</visibilityExpr>
      <pageWidth>STANDARD</pageWidth>
    </page>
    <page>
      <staticName>View My Application</staticName>
      <description/>
      <urlStub>student-page</urlStub>
      <uiObject a:uuid="19873218-bb61-44c4-83d8-b5e83f78594a" xsi:type="a:RecordType">
        <a:isSystem>false</a:isSystem>
        <a:security>16383</a:security>
        <a:hideLatestNews>false</a:hideLatestNews>
        <a:isExportable>true</a:isExportable>
        <a:listAutoRefreshInterval>0.0</a:listAutoRefreshInterval>
        <a:enabledFeatures>0</a:enabledFeatures>
        <a:isVisibleInRecordTypeList>true</a:isVisibleInRecordTypeList>
      </uiObject>
      <iconId>f00b</iconId>
      <visibilityExpr>fn!true()</visibilityExpr>
      <pageWidth>STANDARD</pageWidth>
    </page>
    <page>
      <staticName>Apply Now</staticName>
      <description/>
      <urlStub>student-application</urlStub>
      <uiObject a:uuid="0002e481-03a7-8000-fca1-7f0000014e7a" xsi:type="a:ProcessModel"/>
      <iconId>f07c</iconId>
      <visibilityExpr>fn!true()</visibilityExpr>
      <pageWidth>STANDARD</pageWidth>
    </page>
    <visibility>268435456</visibility>
    <headerBackgroundColor>#990000</headerBackgroundColor>
    <selectedTabBackgroundColor>#20124d</selectedTabBackgroundColor>
    <faviconRef a:uuid="SYSTEM_CONTENT_SITES_DEFAULT_FAVICON" xsi:type="a:CollaborationDocument"/>
    <faviconHref/>
    <logoRef a:uuid="_a-0000e47b-69b7-8000-9ba4-011c48011c48_41340" xsi:type="a:CollaborationDocument"/>
    <logoHref/>
    <headerBackgroundColorExpr/>
    <selectedTabBackgroundColorExpr/>
    <accentColor>#0000ff</accentColor>
    <accentColorExpr/>
    <logoExpr/>
    <faviconExpr/>
    <showName>false</showName>
    <tempoLinkVisibility>HIDDEN</tempoLinkVisibility>
    <showRecordNews>false</showRecordNews>
    <tasksInSitesVisibility>HIDDEN</tasksInSitesVisibility>
    <staticLogoAltText>Where students learn!</staticLogoAltText>
    <isSystem>false</isSystem>
  </site>
  <roleMap>
    <role name="site_administrator">
      <users/>
      <groups>
        <groupUuid>_e-0000e47b-69b7-8000-9af1-01075c01075c_205</groupUuid>
      </groups>
    </role>
    <role name="site_viewer">
      <users/>
      <groups>
        <groupUuid>_e-0000e47b-69b7-8000-9af1-01075c01075c_203</groupUuid>
      </groups>
    </role>
  </roleMap>
  <history>
    <historyInfo versionUuid="a50882f1-5d91-4095-acba-8a7c384d1729"/>
  </history>
</siteHaul>
