<?xml version="1.0" encoding="UTF-8" standalone="yes"?>
<groupHaul xmlns:a="http://www.appian.com/ae/types/2009">
    <versionUuid>_e-0000e47b-69b7-8000-9af1-01075c01075c_204</versionUuid>
    <group>
        <name>KK UA All Users</name>
        <securityMap>SECURITYMAP_PUBLIC</securityMap>
        <uuid>_e-0000e47b-69b7-8000-9af1-01075c01075c_203</uuid>
        <groupTypeUuid>SYSTEM_GROUP_TYPE_CUSTOM</groupTypeUuid>
        <description>All users of the university admissions application.</description>
        <delegatedCreation>false</delegatedCreation>
        <memberPolicy>MEMBERPOLICY_CLOSED</memberPolicy>
        <viewingPolicy>VIEWINGPOLICY_LOW</viewingPolicy>
        <attributes/>
    </group>
    <members>
        <users/>
        <groups>
            <groupUuid>_e-0000e47b-69b7-8000-9af1-01075c01075c_298</groupUuid>
            <groupUuid>_e-0000e47b-69b7-8000-9af1-01075c01075c_211</groupUuid>
            <groupUuid>_e-0000e47b-69b7-8000-9af1-01075c01075c_209</groupUuid>
            <groupUuid>_e-0000e47b-69b7-8000-9af1-01075c01075c_218</groupUuid>
            <groupUuid>_e-0000e47b-69b7-8000-9af1-01075c01075c_207</groupUuid>
            <groupUuid>_e-0000e47b-69b7-8000-9af1-01075c01075c_205</groupUuid>
        </groups>
    </members>
    <admins>
        <users/>
        <groups>
            <groupUuid>_e-0000e47b-69b7-8000-9af1-01075c01075c_205</groupUuid>
        </groups>
    </admins>
    <ruleSet/>
    <history>
        <historyInfo versionUuid="_e-0000e47b-69b7-8000-9af1-01075c01075c_204"/>
    </history>
</groupHaul>
