<?xml version="1.0" encoding="UTF-8" standalone="yes"?>
<groupHaul xmlns:a="http://www.appian.com/ae/types/2009">
    <versionUuid>_e-0000e47b-69b7-8000-9af1-01075c01075c_212</versionUuid>
    <group>
        <name>KK UA Deans of Admissions</name>
        <securityMap>SECURITYMAP_PUBLIC</securityMap>
        <uuid>_e-0000e47b-69b7-8000-9af1-01075c01075c_211</uuid>
        <groupTypeUuid>SYSTEM_GROUP_TYPE_CUSTOM</groupTypeUuid>
        <parentUuid>_e-0000e47b-69b7-8000-9af1-01075c01075c_203</parentUuid>
        <description>Deans of Admissions of university admissions application.</description>
        <delegatedCreation>false</delegatedCreation>
        <memberPolicy>MEMBERPOLICY_CLOSED</memberPolicy>
        <viewingPolicy>VIEWINGPOLICY_LOW</viewingPolicy>
        <attributes/>
    </group>
    <members>
        <users/>
        <groups/>
    </members>
    <admins>
        <users/>
        <groups/>
    </admins>
    <ruleSet/>
    <history>
        <historyInfo versionUuid="_e-0000e47b-69b7-8000-9af1-01075c01075c_212"/>
    </history>
</groupHaul>
